{
	"partitions" : [
		{
			"name" : "Top",
			"pins" : [
				{
					"name" : "Trigg",
					"strict" : false
				},
				{
					"name" : "BUZZER",
					"strict" : false
				},
				{
					"name" : "LEDR0",
					"strict" : false
				},
				{
					"name" : "LEDR1",
					"strict" : false
				},
				{
					"name" : "LEDR2",
					"strict" : false
				},
				{
					"name" : "LEDR3",
					"strict" : false
				},
				{
					"name" : "LEDR4",
					"strict" : false
				},
				{
					"name" : "LEDR5",
					"strict" : false
				},
				{
					"name" : "LEDR6",
					"strict" : false
				},
				{
					"name" : "LEDR7",
					"strict" : false
				},
				{
					"name" : "LEDR8",
					"strict" : false
				},
				{
					"name" : "LEDR9",
					"strict" : false
				},
				{
					"name" : "LED1",
					"strict" : false
				},
				{
					"name" : "LED6",
					"strict" : false
				},
				{
					"name" : "LED5",
					"strict" : false
				},
				{
					"name" : "LED4",
					"strict" : false
				},
				{
					"name" : "LED3",
					"strict" : false
				},
				{
					"name" : "LED2",
					"strict" : false
				},
				{
					"name" : "LED7",
					"strict" : false
				},
				{
					"name" : "LED8",
					"strict" : false
				},
				{
					"name" : "HEX0",
					"strict" : false
				},
				{
					"name" : "HEX1",
					"strict" : false
				},
				{
					"name" : "HEX2",
					"strict" : false
				},
				{
					"name" : "HEX3",
					"strict" : false
				},
				{
					"name" : "HEX4",
					"strict" : false
				},
				{
					"name" : "HEX5",
					"strict" : false
				},
				{
					"name" : "HEX6",
					"strict" : false
				},
				{
					"name" : "o_Sev_seg_1[6]",
					"strict" : false
				},
				{
					"name" : "o_Sev_seg_1[5]",
					"strict" : false
				},
				{
					"name" : "o_Sev_seg_1[4]",
					"strict" : false
				},
				{
					"name" : "o_Sev_seg_1[3]",
					"strict" : false
				},
				{
					"name" : "o_Sev_seg_1[2]",
					"strict" : false
				},
				{
					"name" : "o_Sev_seg_1[1]",
					"strict" : false
				},
				{
					"name" : "o_Sev_seg_1[0]",
					"strict" : false
				},
				{
					"name" : "o_Sev_seg_2[6]",
					"strict" : false
				},
				{
					"name" : "o_Sev_seg_2[5]",
					"strict" : false
				},
				{
					"name" : "o_Sev_seg_2[4]",
					"strict" : false
				},
				{
					"name" : "o_Sev_seg_2[3]",
					"strict" : false
				},
				{
					"name" : "o_Sev_seg_2[2]",
					"strict" : false
				},
				{
					"name" : "o_Sev_seg_2[1]",
					"strict" : false
				},
				{
					"name" : "o_Sev_seg_2[0]",
					"strict" : false
				},
				{
					"name" : "Clock",
					"strict" : false
				},
				{
					"name" : "KEY0",
					"strict" : false
				},
				{
					"name" : "KEY1",
					"strict" : false
				},
				{
					"name" : "SW3",
					"strict" : false
				},
				{
					"name" : "SW4",
					"strict" : false
				},
				{
					"name" : "SW5",
					"strict" : false
				},
				{
					"name" : "SW6",
					"strict" : false
				},
				{
					"name" : "SW2",
					"strict" : false
				},
				{
					"name" : "SW1",
					"strict" : false
				},
				{
					"name" : "SW0",
					"strict" : false
				},
				{
					"name" : "i_Echo",
					"strict" : false
				}
			]
		}
	]
}