<?xml version="1.0" encoding="UTF-8"?>
<deploy
 date="2023.10.09.14:54:57"
 outputDirectory="C:/Users/fderrazz/Desktop/Old_archive/Nouveau dossier/hello-adc5/db/ip/hello_adc/">
 <perimeter>
  <parameter
     name="AUTO_GENERATION_ID"
     type="Integer"
     defaultValue="0"
     onHdl="0"
     affectsHdl="1" />
  <parameter
     name="AUTO_UNIQUE_ID"
     type="String"
     defaultValue=""
     onHdl="0"
     affectsHdl="1" />
  <parameter
     name="AUTO_DEVICE_FAMILY"
     type="String"
     defaultValue="MAX 10"
     onHdl="0"
     affectsHdl="1" />
  <parameter
     name="AUTO_DEVICE"
     type="String"
     defaultValue="10M50DAF484C7G"
     onHdl="0"
     affectsHdl="1" />
  <parameter
     name="AUTO_DEVICE_SPEEDGRADE"
     type="String"
     defaultValue="7"
     onHdl="0"
     affectsHdl="1" />
  <parameter
     name="AUTO_CLK_CLOCK_RATE"
     type="Long"
     defaultValue="-1"
     onHdl="0"
     affectsHdl="1" />
  <parameter
     name="AUTO_CLK_CLOCK_DOMAIN"
     type="Integer"
     defaultValue="-1"
     onHdl="0"
     affectsHdl="1" />
  <parameter
     name="AUTO_CLK_RESET_DOMAIN"
     type="Integer"
     defaultValue="-1"
     onHdl="0"
     affectsHdl="1" />
  <interface name="adc_control_core_command" kind="avalon_streaming" start="0">
   <property name="associatedClock" value="clock_bridge_out_clk" />
   <property name="associatedReset" value="reset" />
   <property name="beatsPerCycle" value="1" />
   <property name="dataBitsPerSymbol" value="8" />
   <property name="emptyWithinPacket" value="false" />
   <property name="errorDescriptor" value="" />
   <property name="firstSymbolInHighOrderBits" value="true" />
   <property name="highOrderSymbolAtMSB" value="false" />
   <property name="maxChannel" value="31" />
   <property name="packetDescription" value="" />
   <property name="readyLatency" value="0" />
   <property name="symbolsPerBeat" value="1" />
   <port
       name="adc_control_core_command_valid"
       direction="input"
       role="valid"
       width="1" />
   <port
       name="adc_control_core_command_channel"
       direction="input"
       role="channel"
       width="5" />
   <port
       name="adc_control_core_command_startofpacket"
       direction="input"
       role="startofpacket"
       width="1" />
   <port
       name="adc_control_core_command_endofpacket"
       direction="input"
       role="endofpacket"
       width="1" />
   <port
       name="adc_control_core_command_ready"
       direction="output"
       role="ready"
       width="1" />
  </interface>
  <interface name="adc_control_core_response" kind="avalon_streaming" start="1">
   <property name="associatedClock" value="clock_bridge_out_clk" />
   <property name="associatedReset" value="reset" />
   <property name="beatsPerCycle" value="1" />
   <property name="dataBitsPerSymbol" value="12" />
   <property name="emptyWithinPacket" value="false" />
   <property name="errorDescriptor" value="" />
   <property name="firstSymbolInHighOrderBits" value="true" />
   <property name="highOrderSymbolAtMSB" value="false" />
   <property name="maxChannel" value="31" />
   <property name="packetDescription" value="" />
   <property name="readyLatency" value="0" />
   <property name="symbolsPerBeat" value="1" />
   <port
       name="adc_control_core_response_valid"
       direction="output"
       role="valid"
       width="1" />
   <port
       name="adc_control_core_response_channel"
       direction="output"
       role="channel"
       width="5" />
   <port
       name="adc_control_core_response_data"
       direction="output"
       role="data"
       width="12" />
   <port
       name="adc_control_core_response_startofpacket"
       direction="output"
       role="startofpacket"
       width="1" />
   <port
       name="adc_control_core_response_endofpacket"
       direction="output"
       role="endofpacket"
       width="1" />
  </interface>
  <interface name="clk" kind="clock" start="0">
   <property name="clockRate" value="50000000" />
   <property name="externallyDriven" value="false" />
   <property name="ptfSchematicName" value="" />
   <port name="clk_clk" direction="input" role="clk" width="1" />
  </interface>
  <interface name="clock_bridge_out_clk" kind="clock" start="1">
   <property name="associatedDirectClock" value="" />
   <property name="clockRate" value="50000000" />
   <property name="clockRateKnown" value="true" />
   <property name="externallyDriven" value="false" />
   <property name="ptfSchematicName" value="" />
   <port
       name="clock_bridge_out_clk_clk"
       direction="output"
       role="clk"
       width="1" />
  </interface>
  <interface name="reset" kind="reset" start="0">
   <property name="associatedClock" value="" />
   <property name="synchronousEdges" value="NONE" />
   <port name="reset_reset_n" direction="input" role="reset_n" width="1" />
  </interface>
 </perimeter>
 <entity
   path=""
   parameterizationKey="hello_adc:1.0:AUTO_CLK_CLOCK_DOMAIN=-1,AUTO_CLK_CLOCK_RATE=-1,AUTO_CLK_RESET_DOMAIN=-1,AUTO_DEVICE=10M50DAF484C7G,AUTO_DEVICE_FAMILY=MAX 10,AUTO_DEVICE_SPEEDGRADE=7,AUTO_GENERATION_ID=1696856087,AUTO_UNIQUE_ID=(altera_modular_adc:18.1:AUTO_DEVICE_SPEEDGRADE=7,CLOCK_FREQ=50000000,CORE_VAR=3,DEVICE_PART=10M50DAF484C7G,ENABLE_DEBUG=0,FAMILY=MAX 10,MONITOR_COUNT_WIDTH=12,adc_count_on_device=2,analog_input_pin_mask=0,clkdiv=2,derived_clkdiv=2,device_adc_type=33,device_partname_fivechar_prefix=10M50,device_power_supply_type=2,en_thmax_ch0=false,en_thmax_ch1=false,en_thmax_ch10=false,en_thmax_ch11=false,en_thmax_ch12=false,en_thmax_ch13=false,en_thmax_ch14=false,en_thmax_ch15=false,en_thmax_ch16=false,en_thmax_ch2=false,en_thmax_ch3=false,en_thmax_ch4=false,en_thmax_ch5=false,en_thmax_ch6=false,en_thmax_ch7=false,en_thmax_ch8=false,en_thmax_ch9=false,en_thmin_ch0=false,en_thmin_ch1=false,en_thmin_ch10=false,en_thmin_ch11=false,en_thmin_ch12=false,en_thmin_ch13=false,en_thmin_ch14=false,en_thmin_ch15=false,en_thmin_ch16=false,en_thmin_ch2=false,en_thmin_ch3=false,en_thmin_ch4=false,en_thmin_ch5=false,en_thmin_ch6=false,en_thmin_ch7=false,en_thmin_ch8=false,en_thmin_ch9=false,en_tsd_max=false,en_tsd_min=false,enable_usr_sim=0,external_vref=2.5,hard_pwd=0,int_vref_nonvr=2.5,int_vref_vr=3.0,ip_is_for_which_adc=1,is_this_first_or_second_adc=1,max_adc_count_on_die=2,prescalar=0,prescaler_ch16=false,prescaler_ch8=false,reference_voltage=2.5,reference_voltage_sim=65536,refsel=0,sample_rate=0,seq_order_length=1,seq_order_slot_1=30,seq_order_slot_10=30,seq_order_slot_11=30,seq_order_slot_12=30,seq_order_slot_13=30,seq_order_slot_14=30,seq_order_slot_15=30,seq_order_slot_16=30,seq_order_slot_17=30,seq_order_slot_18=30,seq_order_slot_19=30,seq_order_slot_2=30,seq_order_slot_20=30,seq_order_slot_21=30,seq_order_slot_22=30,seq_order_slot_23=30,seq_order_slot_24=30,seq_order_slot_25=30,seq_order_slot_26=30,seq_order_slot_27=30,seq_order_slot_28=30,seq_order_slot_29=30,seq_order_slot_3=30,seq_order_slot_30=30,seq_order_slot_31=30,seq_order_slot_32=30,seq_order_slot_33=30,seq_order_slot_34=30,seq_order_slot_35=30,seq_order_slot_36=30,seq_order_slot_37=30,seq_order_slot_38=30,seq_order_slot_39=30,seq_order_slot_4=30,seq_order_slot_40=30,seq_order_slot_41=30,seq_order_slot_42=30,seq_order_slot_43=30,seq_order_slot_44=30,seq_order_slot_45=30,seq_order_slot_46=30,seq_order_slot_47=30,seq_order_slot_48=30,seq_order_slot_49=30,seq_order_slot_5=30,seq_order_slot_50=30,seq_order_slot_51=30,seq_order_slot_52=30,seq_order_slot_53=30,seq_order_slot_54=30,seq_order_slot_55=30,seq_order_slot_56=30,seq_order_slot_57=30,seq_order_slot_58=30,seq_order_slot_59=30,seq_order_slot_6=30,seq_order_slot_60=30,seq_order_slot_61=30,seq_order_slot_62=30,seq_order_slot_63=30,seq_order_slot_64=30,seq_order_slot_7=30,seq_order_slot_8=30,seq_order_slot_9=30,simfilename_ch0=,simfilename_ch1=,simfilename_ch10=,simfilename_ch11=,simfilename_ch12=,simfilename_ch13=,simfilename_ch14=,simfilename_ch15=,simfilename_ch16=,simfilename_ch2=,simfilename_ch3=,simfilename_ch4=,simfilename_ch5=,simfilename_ch6=,simfilename_ch7=,simfilename_ch8=,simfilename_ch9=,thmax_ch0=0.0,thmax_ch1=0.0,thmax_ch10=0.0,thmax_ch11=0.0,thmax_ch12=0.0,thmax_ch13=0.0,thmax_ch14=0.0,thmax_ch15=0.0,thmax_ch16=0.0,thmax_ch2=0.0,thmax_ch3=0.0,thmax_ch4=0.0,thmax_ch5=0.0,thmax_ch6=0.0,thmax_ch7=0.0,thmax_ch8=0.0,thmax_ch9=0.0,thmin_ch0=0.0,thmin_ch1=0.0,thmin_ch10=0.0,thmin_ch11=0.0,thmin_ch12=0.0,thmin_ch13=0.0,thmin_ch14=0.0,thmin_ch15=0.0,thmin_ch16=0.0,thmin_ch2=0.0,thmin_ch3=0.0,thmin_ch4=0.0,thmin_ch5=0.0,thmin_ch6=0.0,thmin_ch7=0.0,thmin_ch8=0.0,thmin_ch9=0.0,tsclkdiv=1,tsclksel=1,tsd_max=125,tsd_min=0,use_ch0=false,use_ch1=true,use_ch10=false,use_ch11=false,use_ch12=false,use_ch13=false,use_ch14=false,use_ch15=false,use_ch16=false,use_ch2=true,use_ch3=true,use_ch4=true,use_ch5=true,use_ch6=true,use_ch7=false,use_ch8=false,use_ch9=false,use_tsd=true(altera_clock_bridge:18.1:DERIVED_CLOCK_RATE=50000000,EXPLICIT_CLOCK_RATE=0,NUM_CLOCK_OUTPUTS=1)(altera_reset_bridge:18.1:ACTIVE_LOW_RESET=1,AUTO_CLK_CLOCK_RATE=50000000,NUM_RESET_OUTPUTS=1,SYNCHRONOUS_EDGES=deassert,USE_RESET_REQUEST=0)(altera_modular_adc_control:18.1:analog_input_pin_mask=63,clkdiv=2,device_partname_fivechar_prefix=10M50,dual_adc_mode=false,enable_usr_sim=0,hard_pwd=0,is_this_first_or_second_adc=1,prescalar=0,reference_voltage_sim=49648,refsel=0,simfilename_ch0=,simfilename_ch1=,simfilename_ch10=,simfilename_ch11=,simfilename_ch12=,simfilename_ch13=,simfilename_ch14=,simfilename_ch15=,simfilename_ch16=,simfilename_ch2=,simfilename_ch3=,simfilename_ch4=,simfilename_ch5=,simfilename_ch6=,simfilename_ch7=,simfilename_ch8=,simfilename_ch9=,tsclkdiv=1,tsclksel=1)(clock:18.1:)(clock:18.1:)(reset:18.1:))(altpll:18.1:AUTO_DEVICE_FAMILY=MAX 10,AUTO_INCLK_INTERFACE_CLOCK_RATE=50000000,AVALON_USE_SEPARATE_SYSCLK=NO,BANDWIDTH=,BANDWIDTH_TYPE=AUTO,CLK0_DIVIDE_BY=5,CLK0_DUTY_CYCLE=50,CLK0_MULTIPLY_BY=1,CLK0_PHASE_SHIFT=0,CLK1_DIVIDE_BY=1,CLK1_DUTY_CYCLE=50,CLK1_MULTIPLY_BY=1,CLK1_PHASE_SHIFT=0,CLK2_DIVIDE_BY=,CLK2_DUTY_CYCLE=,CLK2_MULTIPLY_BY=,CLK2_PHASE_SHIFT=,CLK3_DIVIDE_BY=,CLK3_DUTY_CYCLE=,CLK3_MULTIPLY_BY=,CLK3_PHASE_SHIFT=,CLK4_DIVIDE_BY=,CLK4_DUTY_CYCLE=,CLK4_MULTIPLY_BY=,CLK4_PHASE_SHIFT=,CLK5_DIVIDE_BY=,CLK5_DUTY_CYCLE=,CLK5_MULTIPLY_BY=,CLK5_PHASE_SHIFT=,CLK6_DIVIDE_BY=,CLK6_DUTY_CYCLE=,CLK6_MULTIPLY_BY=,CLK6_PHASE_SHIFT=,CLK7_DIVIDE_BY=,CLK7_DUTY_CYCLE=,CLK7_MULTIPLY_BY=,CLK7_PHASE_SHIFT=,CLK8_DIVIDE_BY=,CLK8_DUTY_CYCLE=,CLK8_MULTIPLY_BY=,CLK8_PHASE_SHIFT=,CLK9_DIVIDE_BY=,CLK9_DUTY_CYCLE=,CLK9_MULTIPLY_BY=,CLK9_PHASE_SHIFT=,COMPENSATE_CLOCK=CLK0,DOWN_SPREAD=,DPA_DIVIDER=,DPA_DIVIDE_BY=,DPA_MULTIPLY_BY=,ENABLE_SWITCH_OVER_COUNTER=,EXTCLK0_DIVIDE_BY=,EXTCLK0_DUTY_CYCLE=,EXTCLK0_MULTIPLY_BY=,EXTCLK0_PHASE_SHIFT=,EXTCLK1_DIVIDE_BY=,EXTCLK1_DUTY_CYCLE=,EXTCLK1_MULTIPLY_BY=,EXTCLK1_PHASE_SHIFT=,EXTCLK2_DIVIDE_BY=,EXTCLK2_DUTY_CYCLE=,EXTCLK2_MULTIPLY_BY=,EXTCLK2_PHASE_SHIFT=,EXTCLK3_DIVIDE_BY=,EXTCLK3_DUTY_CYCLE=,EXTCLK3_MULTIPLY_BY=,EXTCLK3_PHASE_SHIFT=,FEEDBACK_SOURCE=,GATE_LOCK_COUNTER=,GATE_LOCK_SIGNAL=,HIDDEN_CONSTANTS=CT#PORT_clk5 PORT_UNUSED CT#PORT_clk4 PORT_UNUSED CT#PORT_clk3 PORT_UNUSED CT#PORT_clk2 PORT_UNUSED CT#PORT_clk1 PORT_USED CT#PORT_clk0 PORT_USED CT#CLK0_MULTIPLY_BY 1 CT#PORT_SCANWRITE PORT_UNUSED CT#PORT_SCANACLR PORT_UNUSED CT#PORT_PFDENA PORT_UNUSED CT#PORT_PLLENA PORT_UNUSED CT#PORT_SCANDATA PORT_UNUSED CT#PORT_SCANCLKENA PORT_UNUSED CT#WIDTH_CLOCK 5 CT#PORT_SCANDATAOUT PORT_UNUSED CT#LPM_TYPE altpll CT#PLL_TYPE AUTO CT#CLK0_PHASE_SHIFT 0 CT#CLK1_DUTY_CYCLE 50 CT#PORT_PHASEDONE PORT_UNUSED CT#OPERATION_MODE NORMAL CT#PORT_CONFIGUPDATE PORT_UNUSED CT#CLK1_MULTIPLY_BY 1 CT#COMPENSATE_CLOCK CLK0 CT#PORT_CLKSWITCH PORT_UNUSED CT#INCLK0_INPUT_FREQUENCY 20000 CT#PORT_SCANDONE PORT_UNUSED CT#PORT_CLKLOSS PORT_UNUSED CT#PORT_INCLK1 PORT_UNUSED CT#AVALON_USE_SEPARATE_SYSCLK NO CT#PORT_INCLK0 PORT_USED CT#PORT_clkena5 PORT_UNUSED CT#PORT_clkena4 PORT_UNUSED CT#PORT_clkena3 PORT_UNUSED CT#PORT_clkena2 PORT_UNUSED CT#PORT_clkena1 PORT_UNUSED CT#PORT_clkena0 PORT_UNUSED CT#CLK1_PHASE_SHIFT 0 CT#PORT_ARESET PORT_USED CT#BANDWIDTH_TYPE AUTO CT#INTENDED_DEVICE_FAMILY {MAX 10} CT#PORT_SCANREAD PORT_UNUSED CT#PORT_PHASESTEP PORT_UNUSED CT#PORT_SCANCLK PORT_UNUSED CT#PORT_CLKBAD1 PORT_UNUSED CT#PORT_CLKBAD0 PORT_UNUSED CT#PORT_FBIN PORT_UNUSED CT#PORT_PHASEUPDOWN PORT_UNUSED CT#PORT_extclk3 PORT_UNUSED CT#PORT_extclk2 PORT_UNUSED CT#PORT_extclk1 PORT_UNUSED CT#PORT_PHASECOUNTERSELECT PORT_UNUSED CT#PORT_extclk0 PORT_UNUSED CT#PORT_ACTIVECLOCK PORT_UNUSED CT#CLK0_DUTY_CYCLE 50 CT#CLK0_DIVIDE_BY 5 CT#CLK1_DIVIDE_BY 1 CT#PORT_LOCKED PORT_USED,HIDDEN_CUSTOM_ELABORATION=altpll_avalon_elaboration,HIDDEN_CUSTOM_POST_EDIT=altpll_avalon_post_edit,HIDDEN_IF_PORTS=IF#phasecounterselect {input 3} IF#locked {output 0} IF#reset {input 0} IF#clk {input 0} IF#phaseupdown {input 0} IF#scandone {output 0} IF#readdata {output 32} IF#write {input 0} IF#scanclk {input 0} IF#phasedone {output 0} IF#c4 {output 0} IF#c3 {output 0} IF#c2 {output 0} IF#address {input 2} IF#c1 {output 0} IF#c0 {output 0} IF#writedata {input 32} IF#read {input 0} IF#areset {input 0} IF#scanclkena {input 0} IF#scandataout {output 0} IF#configupdate {input 0} IF#phasestep {input 0} IF#scandata {input 0},HIDDEN_IS_FIRST_EDIT=0,HIDDEN_IS_NUMERIC=IN#WIDTH_CLOCK 1 IN#CLK0_DUTY_CYCLE 1 IN#PLL_TARGET_HARCOPY_CHECK 1 IN#CLK1_MULTIPLY_BY 1 IN#SWITCHOVER_COUNT_EDIT 1 IN#INCLK0_INPUT_FREQUENCY 1 IN#PLL_LVDS_PLL_CHECK 1 IN#PLL_AUTOPLL_CHECK 1 IN#PLL_FASTPLL_CHECK 1 IN#CLK1_DUTY_CYCLE 1 IN#PLL_ENHPLL_CHECK 1 IN#DIV_FACTOR1 1 IN#DIV_FACTOR0 1 IN#LVDS_MODE_DATA_RATE_DIRTY 1 IN#GLOCK_COUNTER_EDIT 1 IN#CLK0_DIVIDE_BY 1 IN#MULT_FACTOR1 1 IN#MULT_FACTOR0 1 IN#CLK0_MULTIPLY_BY 1 IN#USE_MIL_SPEED_GRADE 1 IN#CLK1_DIVIDE_BY 1,HIDDEN_MF_PORTS=MF#areset 1 MF#clk 1 MF#locked 1 MF#inclk 1,HIDDEN_PRIVATES=PT#GLOCKED_FEATURE_ENABLED 0 PT#SPREAD_FEATURE_ENABLED 0 PT#BANDWIDTH_FREQ_UNIT MHz PT#CUR_DEDICATED_CLK c0 PT#INCLK0_FREQ_EDIT 50.000 PT#BANDWIDTH_PRESET Low PT#PLL_LVDS_PLL_CHECK 0 PT#BANDWIDTH_USE_PRESET 0 PT#AVALON_USE_SEPARATE_SYSCLK NO PT#PLL_ENHPLL_CHECK 0 PT#OUTPUT_FREQ_UNIT1 MHz PT#OUTPUT_FREQ_UNIT0 MHz PT#PHASE_RECONFIG_FEATURE_ENABLED 1 PT#CREATE_CLKBAD_CHECK 0 PT#CLKSWITCH_CHECK 0 PT#INCLK1_FREQ_EDIT 100.000 PT#NORMAL_MODE_RADIO 1 PT#SRC_SYNCH_COMP_RADIO 0 PT#PLL_ARESET_CHECK 1 PT#LONG_SCAN_RADIO 1 PT#SCAN_FEATURE_ENABLED 1 PT#PHASE_RECONFIG_INPUTS_CHECK 0 PT#USE_CLK1 1 PT#USE_CLK0 1 PT#PRIMARY_CLK_COMBO inclk0 PT#BANDWIDTH 1.000 PT#GLOCKED_COUNTER_EDIT_CHANGED 1 PT#PLL_FASTPLL_CHECK 0 PT#SPREAD_FREQ_UNIT KHz PT#PLL_AUTOPLL_CHECK 1 PT#LVDS_PHASE_SHIFT_UNIT1 deg PT#LVDS_PHASE_SHIFT_UNIT0 deg PT#OUTPUT_FREQ_MODE1 1 PT#SWITCHOVER_FEATURE_ENABLED 0 PT#MIG_DEVICE_SPEED_GRADE Any PT#OUTPUT_FREQ_MODE0 1 PT#BANDWIDTH_FEATURE_ENABLED 1 PT#INCLK0_FREQ_UNIT_COMBO MHz PT#ZERO_DELAY_RADIO 0 PT#OUTPUT_FREQ1 50.00000000 PT#OUTPUT_FREQ0 10.00000000 PT#SHORT_SCAN_RADIO 0 PT#LVDS_MODE_DATA_RATE_DIRTY 0 PT#CUR_FBIN_CLK c0 PT#PLL_ADVANCED_PARAM_CHECK 0 PT#CLKBAD_SWITCHOVER_CHECK 0 PT#PHASE_SHIFT_STEP_ENABLED_CHECK 0 PT#DEVICE_SPEED_GRADE 7 PT#PLL_FBMIMIC_CHECK 0 PT#LVDS_MODE_DATA_RATE {Not Available} PT#LOCKED_OUTPUT_CHECK 1 PT#SPREAD_PERCENT 0.000 PT#PHASE_SHIFT1 0.00000000 PT#PHASE_SHIFT0 0.00000000 PT#DIV_FACTOR1 1 PT#DIV_FACTOR0 1 PT#CNX_NO_COMPENSATE_RADIO 0 PT#USE_CLKENA1 0 PT#USE_CLKENA0 0 PT#CREATE_INCLK1_CHECK 0 PT#GLOCK_COUNTER_EDIT 1048575 PT#INCLK1_FREQ_UNIT_COMBO MHz PT#EFF_OUTPUT_FREQ_VALUE1 50.000000 PT#EFF_OUTPUT_FREQ_VALUE0 10.000000 PT#SPREAD_FREQ 50.000 PT#USE_MIL_SPEED_GRADE 0 PT#EXPLICIT_SWITCHOVER_COUNTER 0 PT#STICKY_CLK4 0 PT#STICKY_CLK3 0 PT#STICKY_CLK2 0 PT#STICKY_CLK1 1 PT#STICKY_CLK0 1 PT#EXT_FEEDBACK_RADIO 0 PT#MIRROR_CLK1 0 PT#MIRROR_CLK0 0 PT#SWITCHOVER_COUNT_EDIT 1 PT#SELF_RESET_LOCK_LOSS 0 PT#PLL_PFDENA_CHECK 0 PT#INT_FEEDBACK__MODE_RADIO 1 PT#INCLK1_FREQ_EDIT_CHANGED 1 PT#CLKLOSS_CHECK 0 PT#SYNTH_WRAPPER_GEN_POSTFIX 0 PT#PHASE_SHIFT_UNIT1 deg PT#PHASE_SHIFT_UNIT0 deg PT#BANDWIDTH_USE_AUTO 1 PT#HAS_MANUAL_SWITCHOVER 1 PT#MULT_FACTOR1 1 PT#MULT_FACTOR0 1 PT#SPREAD_USE 0 PT#GLOCKED_MODE_CHECK 0 PT#SACN_INPUTS_CHECK 0 PT#DUTY_CYCLE1 50.00000000 PT#INTENDED_DEVICE_FAMILY {MAX 10} PT#DUTY_CYCLE0 50.00000000 PT#PLL_TARGET_HARCOPY_CHECK 0 PT#INCLK1_FREQ_UNIT_CHANGED 1 PT#RECONFIG_FILE ALTPLL1604511040239980.mif PT#ACTIVECLK_CHECK 0,HIDDEN_USED_PORTS=UP#locked used UP#c1 used UP#c0 used UP#areset used UP#inclk0 used,INCLK0_INPUT_FREQUENCY=20000,INCLK1_INPUT_FREQUENCY=,INTENDED_DEVICE_FAMILY=MAX 10,INVALID_LOCK_MULTIPLIER=,LOCK_HIGH=,LOCK_LOW=,OPERATION_MODE=NORMAL,PLL_TYPE=AUTO,PORT_ACTIVECLOCK=PORT_UNUSED,PORT_ARESET=PORT_USED,PORT_CLKBAD0=PORT_UNUSED,PORT_CLKBAD1=PORT_UNUSED,PORT_CLKLOSS=PORT_UNUSED,PORT_CLKSWITCH=PORT_UNUSED,PORT_CONFIGUPDATE=PORT_UNUSED,PORT_ENABLE0=,PORT_ENABLE1=,PORT_FBIN=PORT_UNUSED,PORT_FBOUT=,PORT_INCLK0=PORT_USED,PORT_INCLK1=PORT_UNUSED,PORT_LOCKED=PORT_USED,PORT_PFDENA=PORT_UNUSED,PORT_PHASECOUNTERSELECT=PORT_UNUSED,PORT_PHASEDONE=PORT_UNUSED,PORT_PHASESTEP=PORT_UNUSED,PORT_PHASEUPDOWN=PORT_UNUSED,PORT_PLLENA=PORT_UNUSED,PORT_SCANACLR=PORT_UNUSED,PORT_SCANCLK=PORT_UNUSED,PORT_SCANCLKENA=PORT_UNUSED,PORT_SCANDATA=PORT_UNUSED,PORT_SCANDATAOUT=PORT_UNUSED,PORT_SCANDONE=PORT_UNUSED,PORT_SCANREAD=PORT_UNUSED,PORT_SCANWRITE=PORT_UNUSED,PORT_SCLKOUT0=,PORT_SCLKOUT1=,PORT_VCOOVERRANGE=,PORT_VCOUNDERRANGE=,PORT_clk0=PORT_USED,PORT_clk1=PORT_USED,PORT_clk2=PORT_UNUSED,PORT_clk3=PORT_UNUSED,PORT_clk4=PORT_UNUSED,PORT_clk5=PORT_UNUSED,PORT_clk6=,PORT_clk7=,PORT_clk8=,PORT_clk9=,PORT_clkena0=PORT_UNUSED,PORT_clkena1=PORT_UNUSED,PORT_clkena2=PORT_UNUSED,PORT_clkena3=PORT_UNUSED,PORT_clkena4=PORT_UNUSED,PORT_clkena5=PORT_UNUSED,PORT_extclk0=PORT_UNUSED,PORT_extclk1=PORT_UNUSED,PORT_extclk2=PORT_UNUSED,PORT_extclk3=PORT_UNUSED,PORT_extclkena0=,PORT_extclkena1=,PORT_extclkena2=,PORT_extclkena3=,PRIMARY_CLOCK=,QUALIFY_CONF_DONE=,SCAN_CHAIN=,SCAN_CHAIN_MIF_FILE=,SCLKOUT0_PHASE_SHIFT=,SCLKOUT1_PHASE_SHIFT=,SELF_RESET_ON_GATED_LOSS_LOCK=,SELF_RESET_ON_LOSS_LOCK=,SKIP_VCO=,SPREAD_FREQUENCY=,SWITCH_OVER_COUNTER=,SWITCH_OVER_ON_GATED_LOCK=,SWITCH_OVER_ON_LOSSCLK=,SWITCH_OVER_TYPE=,USING_FBMIMICBIDIR_PORT=,VALID_LOCK_MULTIPLIER=,VCO_DIVIDE_BY=,VCO_FREQUENCY_CONTROL=,VCO_MULTIPLY_BY=,VCO_PHASE_SHIFT_STEP=,WIDTH_CLOCK=5,WIDTH_PHASECOUNTERSELECT=)(clock_source:18.1:clockFrequency=50000000,clockFrequencyKnown=true,inputClockFrequency=0,resetSynchronousEdges=NONE)(altera_clock_bridge:18.1:DERIVED_CLOCK_RATE=50000000,EXPLICIT_CLOCK_RATE=0,NUM_CLOCK_OUTPUTS=1)(clock:18.1:)(clock:18.1:)(clock:18.1:)(clock:18.1:)(conduit:18.1:endPort=,endPortLSB=0,startPort=,startPortLSB=0,width=0)(reset:18.1:)(reset:18.1:)"
   instancePathKey="hello_adc"
   kind="hello_adc"
   version="1.0"
   name="hello_adc">
  <parameter name="AUTO_CLK_CLOCK_RATE" value="-1" />
  <parameter name="AUTO_GENERATION_ID" value="1696856087" />
  <parameter name="AUTO_DEVICE" value="10M50DAF484C7G" />
  <parameter name="AUTO_DEVICE_FAMILY" value="MAX 10" />
  <parameter name="AUTO_CLK_RESET_DOMAIN" value="-1" />
  <parameter name="AUTO_CLK_CLOCK_DOMAIN" value="-1" />
  <parameter name="AUTO_UNIQUE_ID" value="" />
  <parameter name="AUTO_DEVICE_SPEEDGRADE" value="7" />
  <generatedFiles>
   <file
       path="C:/Users/fderrazz/Desktop/Old_archive/Nouveau dossier/hello-adc5/db/ip/hello_adc/hello_adc.vhd"
       type="VHDL" />
  </generatedFiles>
  <childGeneratedFiles>
   <file
       path="C:/Users/fderrazz/Desktop/Old_archive/Nouveau dossier/hello-adc5/db/ip/hello_adc/submodules/hello_adc_adc_control_core.v"
       type="VERILOG" />
   <file
       path="C:/Users/fderrazz/Desktop/Old_archive/Nouveau dossier/hello-adc5/db/ip/hello_adc/submodules/altera_modular_adc_control.v"
       type="VERILOG"
       attributes="TOP_LEVEL_FILE" />
   <file
       path="C:/Users/fderrazz/Desktop/Old_archive/Nouveau dossier/hello-adc5/db/ip/hello_adc/submodules/altera_modular_adc_control_avrg_fifo.v"
       type="VERILOG"
       attributes="" />
   <file
       path="C:/Users/fderrazz/Desktop/Old_archive/Nouveau dossier/hello-adc5/db/ip/hello_adc/submodules/altera_modular_adc_control_fsm.v"
       type="VERILOG"
       attributes="" />
   <file
       path="C:/Users/fderrazz/Desktop/Old_archive/Nouveau dossier/hello-adc5/db/ip/hello_adc/submodules/chsel_code_converter_sw_to_hw.v"
       type="VERILOG"
       attributes="" />
   <file
       path="C:/Users/fderrazz/Desktop/Old_archive/Nouveau dossier/hello-adc5/db/ip/hello_adc/submodules/fiftyfivenm_adcblock_primitive_wrapper.v"
       type="VERILOG"
       attributes="" />
   <file
       path="C:/Users/fderrazz/Desktop/Old_archive/Nouveau dossier/hello-adc5/db/ip/hello_adc/submodules/fiftyfivenm_adcblock_top_wrapper.v"
       type="VERILOG"
       attributes="" />
   <file
       path="C:/Users/fderrazz/Desktop/Old_archive/Nouveau dossier/hello-adc5/db/ip/hello_adc/submodules/altera_modular_adc_control.sdc"
       type="SDC"
       attributes="" />
   <file
       path="C:/Users/fderrazz/Desktop/Old_archive/Nouveau dossier/hello-adc5/db/ip/hello_adc/submodules/hello_adc_altpll.v"
       type="VERILOG" />
   <file
       path="C:/Users/fderrazz/Desktop/Old_archive/Nouveau dossier/hello-adc5/db/ip/hello_adc/submodules/altera_reset_controller.v"
       type="VERILOG"
       attributes="" />
   <file
       path="C:/Users/fderrazz/Desktop/Old_archive/Nouveau dossier/hello-adc5/db/ip/hello_adc/submodules/altera_reset_synchronizer.v"
       type="VERILOG"
       attributes="" />
   <file
       path="C:/Users/fderrazz/Desktop/Old_archive/Nouveau dossier/hello-adc5/db/ip/hello_adc/submodules/altera_reset_controller.sdc"
       type="SDC"
       attributes="" />
  </childGeneratedFiles>
  <sourceFiles>
   <file
       path="C:/Users/fderrazz/Desktop/Old_archive/Nouveau dossier/hello-adc5/hello_adc.qsys" />
  </sourceFiles>
  <childSourceFiles>
   <file
       path="C:/intelfpga_lite/18.1/ip/altera/altera_modular_adc/top/altera_modular_adc_hw.tcl" />
   <file
       path="C:/intelfpga_lite/18.1/ip/altera/altera_modular_adc/control/altera_modular_adc_control_hw.tcl" />
   <file
       path="C:/intelfpga_lite/18.1/ip/altera/sopc_builder_ip/altera_avalon_altpll/altera_avalon_altpll_hw.tcl" />
   <file
       path="C:/intelfpga_lite/18.1/ip/altera/merlin/altera_reset_controller/altera_reset_controller_hw.tcl" />
  </childSourceFiles>
  <messages>
   <message level="Debug" culprit="hello_adc">queue size: 0 starting:hello_adc "hello_adc"</message>
   <message level="Progress" culprit="min"></message>
   <message level="Progress" culprit="max"></message>
   <message level="Progress" culprit="current"></message>
   <message level="Debug">Transform: CustomInstructionTransform</message>
   <message level="Debug">No custom instruction connections, skipping transform </message>
   <message level="Debug" culprit="merlin_custom_instruction_transform"><![CDATA[After transform: <b>4</b> modules, <b>7</b> connections]]></message>
   <message level="Debug">Transform: MMTransform</message>
   <message level="Debug">Transform: InterruptMapperTransform</message>
   <message level="Debug">Transform: InterruptSyncTransform</message>
   <message level="Debug">Transform: InterruptFanoutTransform</message>
   <message level="Debug">Transform: AvalonStreamingTransform</message>
   <message level="Debug">Transform: ResetAdaptation</message>
   <message level="Progress" culprit="min"></message>
   <message level="Progress" culprit="max"></message>
   <message level="Progress" culprit="current"></message>
   <message level="Progress" culprit="min"></message>
   <message level="Progress" culprit="max"></message>
   <message level="Progress" culprit="current"></message>
   <message level="Debug" culprit="reset_adaptation_transform"><![CDATA[After transform: <b>6</b> modules, <b>11</b> connections]]></message>
   <message level="Debug" culprit="hello_adc"><![CDATA["<b>hello_adc</b>" reuses <b>altera_modular_adc</b> "<b>submodules/hello_adc_adc_control_core</b>"]]></message>
   <message level="Debug" culprit="hello_adc"><![CDATA["<b>hello_adc</b>" reuses <b>altpll</b> "<b>submodules/hello_adc_altpll</b>"]]></message>
   <message level="Debug" culprit="hello_adc"><![CDATA["<b>hello_adc</b>" reuses <b>altera_reset_controller</b> "<b>submodules/altera_reset_controller</b>"]]></message>
   <message level="Debug" culprit="hello_adc"><![CDATA["<b>hello_adc</b>" reuses <b>altera_reset_controller</b> "<b>submodules/altera_reset_controller</b>"]]></message>
   <message level="Debug" culprit="hello_adc">queue size: 3 starting:altera_modular_adc "submodules/hello_adc_adc_control_core"</message>
   <message level="Progress" culprit="min"></message>
   <message level="Progress" culprit="max"></message>
   <message level="Progress" culprit="current"></message>
   <message level="Debug">Transform: CustomInstructionTransform</message>
   <message level="Debug">No custom instruction connections, skipping transform </message>
   <message level="Debug" culprit="merlin_custom_instruction_transform"><![CDATA[After transform: <b>3</b> modules, <b>3</b> connections]]></message>
   <message level="Debug">Transform: MMTransform</message>
   <message level="Debug">Transform: InterruptMapperTransform</message>
   <message level="Debug">Transform: InterruptSyncTransform</message>
   <message level="Debug">Transform: InterruptFanoutTransform</message>
   <message level="Debug">Transform: AvalonStreamingTransform</message>
   <message level="Debug">Transform: ResetAdaptation</message>
   <message level="Debug" culprit="adc_control_core"><![CDATA["<b>adc_control_core</b>" reuses <b>altera_modular_adc_control</b> "<b>submodules/altera_modular_adc_control</b>"]]></message>
   <message level="Info" culprit="adc_control_core"><![CDATA["<b>hello_adc</b>" instantiated <b>altera_modular_adc</b> "<b>adc_control_core</b>"]]></message>
   <message level="Debug" culprit="hello_adc">queue size: 0 starting:altera_modular_adc_control "submodules/altera_modular_adc_control"</message>
   <message level="Info" culprit="control_internal"><![CDATA["<b>adc_control_core</b>" instantiated <b>altera_modular_adc_control</b> "<b>control_internal</b>"]]></message>
   <message level="Debug" culprit="hello_adc">queue size: 3 starting:altpll "submodules/hello_adc_altpll"</message>
   <message level="Debug">set ALTERA_HW_TCL_KEEP_TEMP_FILES=1 to retain temp files</message>
   <message level="Debug">Command: C:/intelfpga_lite/18.1/quartus\bin64/quartus_map.exe not_a_project --generate_hdl_interface=C:/Users/fderrazz/AppData/Local/Temp/alt9639_8800183227862868801.dir/0002_sopcgen/hello_adc_altpll.v --source=C:/Users/fderrazz/AppData/Local/Temp/alt9639_8800183227862868801.dir/0002_sopcgen/hello_adc_altpll.v --set=HDL_INTERFACE_OUTPUT_PATH=C:/Users/fderrazz/AppData/Local/Temp/alt9639_8800183227862868801.dir/0003_sopcqmap/ --ini=disable_check_quartus_compatibility_qsys_only=on</message>
   <message level="Debug">Command took 2.226s</message>
   <message level="Info" culprit="altpll"><![CDATA["<b>hello_adc</b>" instantiated <b>altpll</b> "<b>altpll</b>"]]></message>
   <message level="Debug" culprit="hello_adc">queue size: 2 starting:altera_reset_controller "submodules/altera_reset_controller"</message>
   <message level="Info" culprit="rst_controller"><![CDATA["<b>hello_adc</b>" instantiated <b>altera_reset_controller</b> "<b>rst_controller</b>"]]></message>
  </messages>
 </entity>
 <entity
   path="submodules/"
   parameterizationKey="altera_modular_adc:18.1:AUTO_DEVICE_SPEEDGRADE=7,CLOCK_FREQ=50000000,CORE_VAR=3,DEVICE_PART=10M50DAF484C7G,ENABLE_DEBUG=0,FAMILY=MAX 10,MONITOR_COUNT_WIDTH=12,adc_count_on_device=2,analog_input_pin_mask=0,clkdiv=2,derived_clkdiv=2,device_adc_type=33,device_partname_fivechar_prefix=10M50,device_power_supply_type=2,en_thmax_ch0=false,en_thmax_ch1=false,en_thmax_ch10=false,en_thmax_ch11=false,en_thmax_ch12=false,en_thmax_ch13=false,en_thmax_ch14=false,en_thmax_ch15=false,en_thmax_ch16=false,en_thmax_ch2=false,en_thmax_ch3=false,en_thmax_ch4=false,en_thmax_ch5=false,en_thmax_ch6=false,en_thmax_ch7=false,en_thmax_ch8=false,en_thmax_ch9=false,en_thmin_ch0=false,en_thmin_ch1=false,en_thmin_ch10=false,en_thmin_ch11=false,en_thmin_ch12=false,en_thmin_ch13=false,en_thmin_ch14=false,en_thmin_ch15=false,en_thmin_ch16=false,en_thmin_ch2=false,en_thmin_ch3=false,en_thmin_ch4=false,en_thmin_ch5=false,en_thmin_ch6=false,en_thmin_ch7=false,en_thmin_ch8=false,en_thmin_ch9=false,en_tsd_max=false,en_tsd_min=false,enable_usr_sim=0,external_vref=2.5,hard_pwd=0,int_vref_nonvr=2.5,int_vref_vr=3.0,ip_is_for_which_adc=1,is_this_first_or_second_adc=1,max_adc_count_on_die=2,prescalar=0,prescaler_ch16=false,prescaler_ch8=false,reference_voltage=2.5,reference_voltage_sim=65536,refsel=0,sample_rate=0,seq_order_length=1,seq_order_slot_1=30,seq_order_slot_10=30,seq_order_slot_11=30,seq_order_slot_12=30,seq_order_slot_13=30,seq_order_slot_14=30,seq_order_slot_15=30,seq_order_slot_16=30,seq_order_slot_17=30,seq_order_slot_18=30,seq_order_slot_19=30,seq_order_slot_2=30,seq_order_slot_20=30,seq_order_slot_21=30,seq_order_slot_22=30,seq_order_slot_23=30,seq_order_slot_24=30,seq_order_slot_25=30,seq_order_slot_26=30,seq_order_slot_27=30,seq_order_slot_28=30,seq_order_slot_29=30,seq_order_slot_3=30,seq_order_slot_30=30,seq_order_slot_31=30,seq_order_slot_32=30,seq_order_slot_33=30,seq_order_slot_34=30,seq_order_slot_35=30,seq_order_slot_36=30,seq_order_slot_37=30,seq_order_slot_38=30,seq_order_slot_39=30,seq_order_slot_4=30,seq_order_slot_40=30,seq_order_slot_41=30,seq_order_slot_42=30,seq_order_slot_43=30,seq_order_slot_44=30,seq_order_slot_45=30,seq_order_slot_46=30,seq_order_slot_47=30,seq_order_slot_48=30,seq_order_slot_49=30,seq_order_slot_5=30,seq_order_slot_50=30,seq_order_slot_51=30,seq_order_slot_52=30,seq_order_slot_53=30,seq_order_slot_54=30,seq_order_slot_55=30,seq_order_slot_56=30,seq_order_slot_57=30,seq_order_slot_58=30,seq_order_slot_59=30,seq_order_slot_6=30,seq_order_slot_60=30,seq_order_slot_61=30,seq_order_slot_62=30,seq_order_slot_63=30,seq_order_slot_64=30,seq_order_slot_7=30,seq_order_slot_8=30,seq_order_slot_9=30,simfilename_ch0=,simfilename_ch1=,simfilename_ch10=,simfilename_ch11=,simfilename_ch12=,simfilename_ch13=,simfilename_ch14=,simfilename_ch15=,simfilename_ch16=,simfilename_ch2=,simfilename_ch3=,simfilename_ch4=,simfilename_ch5=,simfilename_ch6=,simfilename_ch7=,simfilename_ch8=,simfilename_ch9=,thmax_ch0=0.0,thmax_ch1=0.0,thmax_ch10=0.0,thmax_ch11=0.0,thmax_ch12=0.0,thmax_ch13=0.0,thmax_ch14=0.0,thmax_ch15=0.0,thmax_ch16=0.0,thmax_ch2=0.0,thmax_ch3=0.0,thmax_ch4=0.0,thmax_ch5=0.0,thmax_ch6=0.0,thmax_ch7=0.0,thmax_ch8=0.0,thmax_ch9=0.0,thmin_ch0=0.0,thmin_ch1=0.0,thmin_ch10=0.0,thmin_ch11=0.0,thmin_ch12=0.0,thmin_ch13=0.0,thmin_ch14=0.0,thmin_ch15=0.0,thmin_ch16=0.0,thmin_ch2=0.0,thmin_ch3=0.0,thmin_ch4=0.0,thmin_ch5=0.0,thmin_ch6=0.0,thmin_ch7=0.0,thmin_ch8=0.0,thmin_ch9=0.0,tsclkdiv=1,tsclksel=1,tsd_max=125,tsd_min=0,use_ch0=false,use_ch1=true,use_ch10=false,use_ch11=false,use_ch12=false,use_ch13=false,use_ch14=false,use_ch15=false,use_ch16=false,use_ch2=true,use_ch3=true,use_ch4=true,use_ch5=true,use_ch6=true,use_ch7=false,use_ch8=false,use_ch9=false,use_tsd=true(altera_clock_bridge:18.1:DERIVED_CLOCK_RATE=50000000,EXPLICIT_CLOCK_RATE=0,NUM_CLOCK_OUTPUTS=1)(altera_reset_bridge:18.1:ACTIVE_LOW_RESET=1,AUTO_CLK_CLOCK_RATE=50000000,NUM_RESET_OUTPUTS=1,SYNCHRONOUS_EDGES=deassert,USE_RESET_REQUEST=0)(altera_modular_adc_control:18.1:analog_input_pin_mask=63,clkdiv=2,device_partname_fivechar_prefix=10M50,dual_adc_mode=false,enable_usr_sim=0,hard_pwd=0,is_this_first_or_second_adc=1,prescalar=0,reference_voltage_sim=49648,refsel=0,simfilename_ch0=,simfilename_ch1=,simfilename_ch10=,simfilename_ch11=,simfilename_ch12=,simfilename_ch13=,simfilename_ch14=,simfilename_ch15=,simfilename_ch16=,simfilename_ch2=,simfilename_ch3=,simfilename_ch4=,simfilename_ch5=,simfilename_ch6=,simfilename_ch7=,simfilename_ch8=,simfilename_ch9=,tsclkdiv=1,tsclksel=1)(clock:18.1:)(clock:18.1:)(reset:18.1:)"
   instancePathKey="hello_adc:.:adc_control_core"
   kind="altera_modular_adc"
   version="18.1"
   name="hello_adc_adc_control_core">
  <parameter name="derived_clkdiv" value="2" />
  <parameter name="thmin_ch10" value="0.0" />
  <parameter name="thmin_ch12" value="0.0" />
  <parameter name="thmin_ch11" value="0.0" />
  <parameter name="thmin_ch14" value="0.0" />
  <parameter name="thmin_ch13" value="0.0" />
  <parameter name="thmin_ch16" value="0.0" />
  <parameter name="thmin_ch15" value="0.0" />
  <parameter name="use_ch14" value="false" />
  <parameter name="ip_is_for_which_adc" value="1" />
  <parameter name="use_ch15" value="false" />
  <parameter name="use_ch16" value="false" />
  <parameter name="DEVICE_PART" value="10M50DAF484C7G" />
  <parameter name="adc_count_on_device" value="2" />
  <parameter name="seq_order_length" value="1" />
  <parameter name="use_tsd" value="true" />
  <parameter name="FAMILY" value="MAX 10" />
  <parameter name="en_tsd_min" value="false" />
  <parameter name="use_ch0" value="false" />
  <parameter name="device_partname_fivechar_prefix" value="10M50" />
  <parameter name="use_ch3" value="true" />
  <parameter name="use_ch4" value="true" />
  <parameter name="CORE_VAR" value="3" />
  <parameter name="use_ch1" value="true" />
  <parameter name="en_thmin_ch15" value="false" />
  <parameter name="use_ch2" value="true" />
  <parameter name="en_thmin_ch16" value="false" />
  <parameter name="use_ch7" value="false" />
  <parameter name="use_ch8" value="false" />
  <parameter name="use_ch5" value="true" />
  <parameter name="use_ch6" value="true" />
  <parameter name="MONITOR_COUNT_WIDTH" value="12" />
  <parameter name="use_ch9" value="false" />
  <parameter name="refsel" value="0" />
  <parameter name="prescaler_ch8" value="false" />
  <parameter name="prescalar" value="0" />
  <parameter name="device_adc_type" value="33" />
  <parameter name="reference_voltage_sim" value="65536" />
  <parameter name="en_thmin_ch13" value="false" />
  <parameter name="en_thmin_ch14" value="false" />
  <parameter name="en_thmin_ch11" value="false" />
  <parameter name="en_thmin_ch12" value="false" />
  <parameter name="en_thmin_ch10" value="false" />
  <parameter name="thmax_ch1" value="0.0" />
  <parameter name="thmax_ch0" value="0.0" />
  <parameter name="thmax_ch3" value="0.0" />
  <parameter name="thmax_ch2" value="0.0" />
  <parameter name="int_vref_vr" value="3.0" />
  <parameter name="tsd_min" value="0" />
  <parameter name="thmax_ch16" value="0.0" />
  <parameter name="thmax_ch15" value="0.0" />
  <parameter name="thmax_ch14" value="0.0" />
  <parameter name="thmax_ch13" value="0.0" />
  <parameter name="thmax_ch12" value="0.0" />
  <parameter name="thmax_ch11" value="0.0" />
  <parameter name="thmax_ch10" value="0.0" />
  <parameter name="AUTO_DEVICE_SPEEDGRADE" value="7" />
  <parameter name="thmax_ch5" value="0.0" />
  <parameter name="thmax_ch4" value="0.0" />
  <parameter name="thmax_ch7" value="0.0" />
  <parameter name="thmax_ch6" value="0.0" />
  <parameter name="thmax_ch9" value="0.0" />
  <parameter name="simfilename_ch15" value="" />
  <parameter name="thmax_ch8" value="0.0" />
  <parameter name="simfilename_ch16" value="" />
  <parameter name="simfilename_ch13" value="" />
  <parameter name="simfilename_ch14" value="" />
  <parameter name="simfilename_ch11" value="" />
  <parameter name="simfilename_ch12" value="" />
  <parameter name="analog_input_pin_mask" value="0" />
  <parameter name="simfilename_ch10" value="" />
  <parameter name="seq_order_slot_23" value="30" />
  <parameter name="seq_order_slot_22" value="30" />
  <parameter name="seq_order_slot_25" value="30" />
  <parameter name="seq_order_slot_24" value="30" />
  <parameter name="hard_pwd" value="0" />
  <parameter name="seq_order_slot_27" value="30" />
  <parameter name="seq_order_slot_26" value="30" />
  <parameter name="device_power_supply_type" value="2" />
  <parameter name="seq_order_slot_29" value="30" />
  <parameter name="seq_order_slot_28" value="30" />
  <parameter name="simfilename_ch6" value="" />
  <parameter name="simfilename_ch7" value="" />
  <parameter name="simfilename_ch8" value="" />
  <parameter name="simfilename_ch9" value="" />
  <parameter name="simfilename_ch2" value="" />
  <parameter name="simfilename_ch3" value="" />
  <parameter name="simfilename_ch4" value="" />
  <parameter name="reference_voltage" value="2.5" />
  <parameter name="simfilename_ch5" value="" />
  <parameter name="simfilename_ch0" value="" />
  <parameter name="simfilename_ch1" value="" />
  <parameter name="seq_order_slot_21" value="30" />
  <parameter name="seq_order_slot_20" value="30" />
  <parameter name="seq_order_slot_34" value="30" />
  <parameter name="seq_order_slot_33" value="30" />
  <parameter name="seq_order_slot_36" value="30" />
  <parameter name="seq_order_slot_35" value="30" />
  <parameter name="seq_order_slot_38" value="30" />
  <parameter name="seq_order_slot_37" value="30" />
  <parameter name="seq_order_slot_39" value="30" />
  <parameter name="max_adc_count_on_die" value="2" />
  <parameter name="clkdiv" value="2" />
  <parameter name="seq_order_slot_30" value="30" />
  <parameter name="seq_order_slot_32" value="30" />
  <parameter name="seq_order_slot_31" value="30" />
  <parameter name="en_thmax_ch13" value="false" />
  <parameter name="en_thmax_ch14" value="false" />
  <parameter name="en_thmax_ch15" value="false" />
  <parameter name="en_thmax_ch16" value="false" />
  <parameter name="en_thmax_ch10" value="false" />
  <parameter name="en_thmax_ch11" value="false" />
  <parameter name="en_thmax_ch12" value="false" />
  <parameter name="en_thmax_ch7" value="false" />
  <parameter name="seq_order_slot_4" value="30" />
  <parameter name="seq_order_slot_12" value="30" />
  <parameter name="en_thmax_ch6" value="false" />
  <parameter name="seq_order_slot_5" value="30" />
  <parameter name="seq_order_slot_11" value="30" />
  <parameter name="en_thmax_ch9" value="false" />
  <parameter name="seq_order_slot_6" value="30" />
  <parameter name="seq_order_slot_14" value="30" />
  <parameter name="en_thmax_ch8" value="false" />
  <parameter name="seq_order_slot_7" value="30" />
  <parameter name="seq_order_slot_13" value="30" />
  <parameter name="en_thmax_ch3" value="false" />
  <parameter name="seq_order_slot_16" value="30" />
  <parameter name="en_thmax_ch2" value="false" />
  <parameter name="seq_order_slot_1" value="30" />
  <parameter name="seq_order_slot_15" value="30" />
  <parameter name="en_thmax_ch5" value="false" />
  <parameter name="seq_order_slot_2" value="30" />
  <parameter name="seq_order_slot_18" value="30" />
  <parameter name="en_thmax_ch4" value="false" />
  <parameter name="seq_order_slot_3" value="30" />
  <parameter name="seq_order_slot_17" value="30" />
  <parameter name="seq_order_slot_19" value="30" />
  <parameter name="en_thmax_ch1" value="false" />
  <parameter name="en_thmax_ch0" value="false" />
  <parameter name="seq_order_slot_8" value="30" />
  <parameter name="seq_order_slot_9" value="30" />
  <parameter name="en_thmin_ch3" value="false" />
  <parameter name="prescaler_ch16" value="false" />
  <parameter name="en_thmin_ch2" value="false" />
  <parameter name="en_thmin_ch1" value="false" />
  <parameter name="en_thmin_ch0" value="false" />
  <parameter name="sample_rate" value="0" />
  <parameter name="en_thmin_ch9" value="false" />
  <parameter name="en_tsd_max" value="false" />
  <parameter name="en_thmin_ch8" value="false" />
  <parameter name="en_thmin_ch7" value="false" />
  <parameter name="en_thmin_ch6" value="false" />
  <parameter name="en_thmin_ch5" value="false" />
  <parameter name="seq_order_slot_10" value="30" />
  <parameter name="en_thmin_ch4" value="false" />
  <parameter name="external_vref" value="2.5" />
  <parameter name="seq_order_slot_61" value="30" />
  <parameter name="seq_order_slot_60" value="30" />
  <parameter name="seq_order_slot_63" value="30" />
  <parameter name="seq_order_slot_62" value="30" />
  <parameter name="seq_order_slot_64" value="30" />
  <parameter name="CLOCK_FREQ" value="50000000" />
  <parameter name="tsclksel" value="1" />
  <parameter name="is_this_first_or_second_adc" value="1" />
  <parameter name="seq_order_slot_45" value="30" />
  <parameter name="seq_order_slot_44" value="30" />
  <parameter name="seq_order_slot_47" value="30" />
  <parameter name="seq_order_slot_46" value="30" />
  <parameter name="seq_order_slot_49" value="30" />
  <parameter name="seq_order_slot_48" value="30" />
  <parameter name="ENABLE_DEBUG" value="0" />
  <parameter name="int_vref_nonvr" value="2.5" />
  <parameter name="tsd_max" value="125" />
  <parameter name="seq_order_slot_41" value="30" />
  <parameter name="seq_order_slot_40" value="30" />
  <parameter name="seq_order_slot_43" value="30" />
  <parameter name="seq_order_slot_42" value="30" />
  <parameter name="thmin_ch1" value="0.0" />
  <parameter name="seq_order_slot_56" value="30" />
  <parameter name="thmin_ch0" value="0.0" />
  <parameter name="seq_order_slot_55" value="30" />
  <parameter name="seq_order_slot_58" value="30" />
  <parameter name="seq_order_slot_57" value="30" />
  <parameter name="thmin_ch5" value="0.0" />
  <parameter name="use_ch10" value="false" />
  <parameter name="thmin_ch4" value="0.0" />
  <parameter name="use_ch11" value="false" />
  <parameter name="seq_order_slot_59" value="30" />
  <parameter name="tsclkdiv" value="1" />
  <parameter name="thmin_ch3" value="0.0" />
  <parameter name="use_ch12" value="false" />
  <parameter name="thmin_ch2" value="0.0" />
  <parameter name="use_ch13" value="false" />
  <parameter name="enable_usr_sim" value="0" />
  <parameter name="thmin_ch9" value="0.0" />
  <parameter name="thmin_ch8" value="0.0" />
  <parameter name="thmin_ch7" value="0.0" />
  <parameter name="seq_order_slot_50" value="30" />
  <parameter name="thmin_ch6" value="0.0" />
  <parameter name="seq_order_slot_52" value="30" />
  <parameter name="seq_order_slot_51" value="30" />
  <parameter name="seq_order_slot_54" value="30" />
  <parameter name="seq_order_slot_53" value="30" />
  <generatedFiles>
   <file
       path="C:/Users/fderrazz/Desktop/Old_archive/Nouveau dossier/hello-adc5/db/ip/hello_adc/submodules/hello_adc_adc_control_core.v"
       type="VERILOG" />
  </generatedFiles>
  <childGeneratedFiles>
   <file
       path="C:/Users/fderrazz/Desktop/Old_archive/Nouveau dossier/hello-adc5/db/ip/hello_adc/submodules/altera_modular_adc_control.v"
       type="VERILOG"
       attributes="TOP_LEVEL_FILE" />
   <file
       path="C:/Users/fderrazz/Desktop/Old_archive/Nouveau dossier/hello-adc5/db/ip/hello_adc/submodules/altera_modular_adc_control_avrg_fifo.v"
       type="VERILOG"
       attributes="" />
   <file
       path="C:/Users/fderrazz/Desktop/Old_archive/Nouveau dossier/hello-adc5/db/ip/hello_adc/submodules/altera_modular_adc_control_fsm.v"
       type="VERILOG"
       attributes="" />
   <file
       path="C:/Users/fderrazz/Desktop/Old_archive/Nouveau dossier/hello-adc5/db/ip/hello_adc/submodules/chsel_code_converter_sw_to_hw.v"
       type="VERILOG"
       attributes="" />
   <file
       path="C:/Users/fderrazz/Desktop/Old_archive/Nouveau dossier/hello-adc5/db/ip/hello_adc/submodules/fiftyfivenm_adcblock_primitive_wrapper.v"
       type="VERILOG"
       attributes="" />
   <file
       path="C:/Users/fderrazz/Desktop/Old_archive/Nouveau dossier/hello-adc5/db/ip/hello_adc/submodules/fiftyfivenm_adcblock_top_wrapper.v"
       type="VERILOG"
       attributes="" />
   <file
       path="C:/Users/fderrazz/Desktop/Old_archive/Nouveau dossier/hello-adc5/db/ip/hello_adc/submodules/altera_modular_adc_control.sdc"
       type="SDC"
       attributes="" />
  </childGeneratedFiles>
  <sourceFiles>
   <file
       path="C:/intelfpga_lite/18.1/ip/altera/altera_modular_adc/top/altera_modular_adc_hw.tcl" />
  </sourceFiles>
  <childSourceFiles>
   <file
       path="C:/intelfpga_lite/18.1/ip/altera/altera_modular_adc/control/altera_modular_adc_control_hw.tcl" />
  </childSourceFiles>
  <instantiator instantiator="hello_adc" as="adc_control_core" />
  <messages>
   <message level="Debug" culprit="hello_adc">queue size: 3 starting:altera_modular_adc "submodules/hello_adc_adc_control_core"</message>
   <message level="Progress" culprit="min"></message>
   <message level="Progress" culprit="max"></message>
   <message level="Progress" culprit="current"></message>
   <message level="Debug">Transform: CustomInstructionTransform</message>
   <message level="Debug">No custom instruction connections, skipping transform </message>
   <message level="Debug" culprit="merlin_custom_instruction_transform"><![CDATA[After transform: <b>3</b> modules, <b>3</b> connections]]></message>
   <message level="Debug">Transform: MMTransform</message>
   <message level="Debug">Transform: InterruptMapperTransform</message>
   <message level="Debug">Transform: InterruptSyncTransform</message>
   <message level="Debug">Transform: InterruptFanoutTransform</message>
   <message level="Debug">Transform: AvalonStreamingTransform</message>
   <message level="Debug">Transform: ResetAdaptation</message>
   <message level="Debug" culprit="adc_control_core"><![CDATA["<b>adc_control_core</b>" reuses <b>altera_modular_adc_control</b> "<b>submodules/altera_modular_adc_control</b>"]]></message>
   <message level="Info" culprit="adc_control_core"><![CDATA["<b>hello_adc</b>" instantiated <b>altera_modular_adc</b> "<b>adc_control_core</b>"]]></message>
   <message level="Debug" culprit="hello_adc">queue size: 0 starting:altera_modular_adc_control "submodules/altera_modular_adc_control"</message>
   <message level="Info" culprit="control_internal"><![CDATA["<b>adc_control_core</b>" instantiated <b>altera_modular_adc_control</b> "<b>control_internal</b>"]]></message>
  </messages>
 </entity>
 <entity
   path="submodules/"
   parameterizationKey="altpll:18.1:AUTO_DEVICE_FAMILY=MAX 10,AUTO_INCLK_INTERFACE_CLOCK_RATE=50000000,AVALON_USE_SEPARATE_SYSCLK=NO,BANDWIDTH=,BANDWIDTH_TYPE=AUTO,CLK0_DIVIDE_BY=5,CLK0_DUTY_CYCLE=50,CLK0_MULTIPLY_BY=1,CLK0_PHASE_SHIFT=0,CLK1_DIVIDE_BY=1,CLK1_DUTY_CYCLE=50,CLK1_MULTIPLY_BY=1,CLK1_PHASE_SHIFT=0,CLK2_DIVIDE_BY=,CLK2_DUTY_CYCLE=,CLK2_MULTIPLY_BY=,CLK2_PHASE_SHIFT=,CLK3_DIVIDE_BY=,CLK3_DUTY_CYCLE=,CLK3_MULTIPLY_BY=,CLK3_PHASE_SHIFT=,CLK4_DIVIDE_BY=,CLK4_DUTY_CYCLE=,CLK4_MULTIPLY_BY=,CLK4_PHASE_SHIFT=,CLK5_DIVIDE_BY=,CLK5_DUTY_CYCLE=,CLK5_MULTIPLY_BY=,CLK5_PHASE_SHIFT=,CLK6_DIVIDE_BY=,CLK6_DUTY_CYCLE=,CLK6_MULTIPLY_BY=,CLK6_PHASE_SHIFT=,CLK7_DIVIDE_BY=,CLK7_DUTY_CYCLE=,CLK7_MULTIPLY_BY=,CLK7_PHASE_SHIFT=,CLK8_DIVIDE_BY=,CLK8_DUTY_CYCLE=,CLK8_MULTIPLY_BY=,CLK8_PHASE_SHIFT=,CLK9_DIVIDE_BY=,CLK9_DUTY_CYCLE=,CLK9_MULTIPLY_BY=,CLK9_PHASE_SHIFT=,COMPENSATE_CLOCK=CLK0,DOWN_SPREAD=,DPA_DIVIDER=,DPA_DIVIDE_BY=,DPA_MULTIPLY_BY=,ENABLE_SWITCH_OVER_COUNTER=,EXTCLK0_DIVIDE_BY=,EXTCLK0_DUTY_CYCLE=,EXTCLK0_MULTIPLY_BY=,EXTCLK0_PHASE_SHIFT=,EXTCLK1_DIVIDE_BY=,EXTCLK1_DUTY_CYCLE=,EXTCLK1_MULTIPLY_BY=,EXTCLK1_PHASE_SHIFT=,EXTCLK2_DIVIDE_BY=,EXTCLK2_DUTY_CYCLE=,EXTCLK2_MULTIPLY_BY=,EXTCLK2_PHASE_SHIFT=,EXTCLK3_DIVIDE_BY=,EXTCLK3_DUTY_CYCLE=,EXTCLK3_MULTIPLY_BY=,EXTCLK3_PHASE_SHIFT=,FEEDBACK_SOURCE=,GATE_LOCK_COUNTER=,GATE_LOCK_SIGNAL=,HIDDEN_CONSTANTS=CT#PORT_clk5 PORT_UNUSED CT#PORT_clk4 PORT_UNUSED CT#PORT_clk3 PORT_UNUSED CT#PORT_clk2 PORT_UNUSED CT#PORT_clk1 PORT_USED CT#PORT_clk0 PORT_USED CT#CLK0_MULTIPLY_BY 1 CT#PORT_SCANWRITE PORT_UNUSED CT#PORT_SCANACLR PORT_UNUSED CT#PORT_PFDENA PORT_UNUSED CT#PORT_PLLENA PORT_UNUSED CT#PORT_SCANDATA PORT_UNUSED CT#PORT_SCANCLKENA PORT_UNUSED CT#WIDTH_CLOCK 5 CT#PORT_SCANDATAOUT PORT_UNUSED CT#LPM_TYPE altpll CT#PLL_TYPE AUTO CT#CLK0_PHASE_SHIFT 0 CT#CLK1_DUTY_CYCLE 50 CT#PORT_PHASEDONE PORT_UNUSED CT#OPERATION_MODE NORMAL CT#PORT_CONFIGUPDATE PORT_UNUSED CT#CLK1_MULTIPLY_BY 1 CT#COMPENSATE_CLOCK CLK0 CT#PORT_CLKSWITCH PORT_UNUSED CT#INCLK0_INPUT_FREQUENCY 20000 CT#PORT_SCANDONE PORT_UNUSED CT#PORT_CLKLOSS PORT_UNUSED CT#PORT_INCLK1 PORT_UNUSED CT#AVALON_USE_SEPARATE_SYSCLK NO CT#PORT_INCLK0 PORT_USED CT#PORT_clkena5 PORT_UNUSED CT#PORT_clkena4 PORT_UNUSED CT#PORT_clkena3 PORT_UNUSED CT#PORT_clkena2 PORT_UNUSED CT#PORT_clkena1 PORT_UNUSED CT#PORT_clkena0 PORT_UNUSED CT#CLK1_PHASE_SHIFT 0 CT#PORT_ARESET PORT_USED CT#BANDWIDTH_TYPE AUTO CT#INTENDED_DEVICE_FAMILY {MAX 10} CT#PORT_SCANREAD PORT_UNUSED CT#PORT_PHASESTEP PORT_UNUSED CT#PORT_SCANCLK PORT_UNUSED CT#PORT_CLKBAD1 PORT_UNUSED CT#PORT_CLKBAD0 PORT_UNUSED CT#PORT_FBIN PORT_UNUSED CT#PORT_PHASEUPDOWN PORT_UNUSED CT#PORT_extclk3 PORT_UNUSED CT#PORT_extclk2 PORT_UNUSED CT#PORT_extclk1 PORT_UNUSED CT#PORT_PHASECOUNTERSELECT PORT_UNUSED CT#PORT_extclk0 PORT_UNUSED CT#PORT_ACTIVECLOCK PORT_UNUSED CT#CLK0_DUTY_CYCLE 50 CT#CLK0_DIVIDE_BY 5 CT#CLK1_DIVIDE_BY 1 CT#PORT_LOCKED PORT_USED,HIDDEN_CUSTOM_ELABORATION=altpll_avalon_elaboration,HIDDEN_CUSTOM_POST_EDIT=altpll_avalon_post_edit,HIDDEN_IF_PORTS=IF#phasecounterselect {input 3} IF#locked {output 0} IF#reset {input 0} IF#clk {input 0} IF#phaseupdown {input 0} IF#scandone {output 0} IF#readdata {output 32} IF#write {input 0} IF#scanclk {input 0} IF#phasedone {output 0} IF#c4 {output 0} IF#c3 {output 0} IF#c2 {output 0} IF#address {input 2} IF#c1 {output 0} IF#c0 {output 0} IF#writedata {input 32} IF#read {input 0} IF#areset {input 0} IF#scanclkena {input 0} IF#scandataout {output 0} IF#configupdate {input 0} IF#phasestep {input 0} IF#scandata {input 0},HIDDEN_IS_FIRST_EDIT=0,HIDDEN_IS_NUMERIC=IN#WIDTH_CLOCK 1 IN#CLK0_DUTY_CYCLE 1 IN#PLL_TARGET_HARCOPY_CHECK 1 IN#CLK1_MULTIPLY_BY 1 IN#SWITCHOVER_COUNT_EDIT 1 IN#INCLK0_INPUT_FREQUENCY 1 IN#PLL_LVDS_PLL_CHECK 1 IN#PLL_AUTOPLL_CHECK 1 IN#PLL_FASTPLL_CHECK 1 IN#CLK1_DUTY_CYCLE 1 IN#PLL_ENHPLL_CHECK 1 IN#DIV_FACTOR1 1 IN#DIV_FACTOR0 1 IN#LVDS_MODE_DATA_RATE_DIRTY 1 IN#GLOCK_COUNTER_EDIT 1 IN#CLK0_DIVIDE_BY 1 IN#MULT_FACTOR1 1 IN#MULT_FACTOR0 1 IN#CLK0_MULTIPLY_BY 1 IN#USE_MIL_SPEED_GRADE 1 IN#CLK1_DIVIDE_BY 1,HIDDEN_MF_PORTS=MF#areset 1 MF#clk 1 MF#locked 1 MF#inclk 1,HIDDEN_PRIVATES=PT#GLOCKED_FEATURE_ENABLED 0 PT#SPREAD_FEATURE_ENABLED 0 PT#BANDWIDTH_FREQ_UNIT MHz PT#CUR_DEDICATED_CLK c0 PT#INCLK0_FREQ_EDIT 50.000 PT#BANDWIDTH_PRESET Low PT#PLL_LVDS_PLL_CHECK 0 PT#BANDWIDTH_USE_PRESET 0 PT#AVALON_USE_SEPARATE_SYSCLK NO PT#PLL_ENHPLL_CHECK 0 PT#OUTPUT_FREQ_UNIT1 MHz PT#OUTPUT_FREQ_UNIT0 MHz PT#PHASE_RECONFIG_FEATURE_ENABLED 1 PT#CREATE_CLKBAD_CHECK 0 PT#CLKSWITCH_CHECK 0 PT#INCLK1_FREQ_EDIT 100.000 PT#NORMAL_MODE_RADIO 1 PT#SRC_SYNCH_COMP_RADIO 0 PT#PLL_ARESET_CHECK 1 PT#LONG_SCAN_RADIO 1 PT#SCAN_FEATURE_ENABLED 1 PT#PHASE_RECONFIG_INPUTS_CHECK 0 PT#USE_CLK1 1 PT#USE_CLK0 1 PT#PRIMARY_CLK_COMBO inclk0 PT#BANDWIDTH 1.000 PT#GLOCKED_COUNTER_EDIT_CHANGED 1 PT#PLL_FASTPLL_CHECK 0 PT#SPREAD_FREQ_UNIT KHz PT#PLL_AUTOPLL_CHECK 1 PT#LVDS_PHASE_SHIFT_UNIT1 deg PT#LVDS_PHASE_SHIFT_UNIT0 deg PT#OUTPUT_FREQ_MODE1 1 PT#SWITCHOVER_FEATURE_ENABLED 0 PT#MIG_DEVICE_SPEED_GRADE Any PT#OUTPUT_FREQ_MODE0 1 PT#BANDWIDTH_FEATURE_ENABLED 1 PT#INCLK0_FREQ_UNIT_COMBO MHz PT#ZERO_DELAY_RADIO 0 PT#OUTPUT_FREQ1 50.00000000 PT#OUTPUT_FREQ0 10.00000000 PT#SHORT_SCAN_RADIO 0 PT#LVDS_MODE_DATA_RATE_DIRTY 0 PT#CUR_FBIN_CLK c0 PT#PLL_ADVANCED_PARAM_CHECK 0 PT#CLKBAD_SWITCHOVER_CHECK 0 PT#PHASE_SHIFT_STEP_ENABLED_CHECK 0 PT#DEVICE_SPEED_GRADE 7 PT#PLL_FBMIMIC_CHECK 0 PT#LVDS_MODE_DATA_RATE {Not Available} PT#LOCKED_OUTPUT_CHECK 1 PT#SPREAD_PERCENT 0.000 PT#PHASE_SHIFT1 0.00000000 PT#PHASE_SHIFT0 0.00000000 PT#DIV_FACTOR1 1 PT#DIV_FACTOR0 1 PT#CNX_NO_COMPENSATE_RADIO 0 PT#USE_CLKENA1 0 PT#USE_CLKENA0 0 PT#CREATE_INCLK1_CHECK 0 PT#GLOCK_COUNTER_EDIT 1048575 PT#INCLK1_FREQ_UNIT_COMBO MHz PT#EFF_OUTPUT_FREQ_VALUE1 50.000000 PT#EFF_OUTPUT_FREQ_VALUE0 10.000000 PT#SPREAD_FREQ 50.000 PT#USE_MIL_SPEED_GRADE 0 PT#EXPLICIT_SWITCHOVER_COUNTER 0 PT#STICKY_CLK4 0 PT#STICKY_CLK3 0 PT#STICKY_CLK2 0 PT#STICKY_CLK1 1 PT#STICKY_CLK0 1 PT#EXT_FEEDBACK_RADIO 0 PT#MIRROR_CLK1 0 PT#MIRROR_CLK0 0 PT#SWITCHOVER_COUNT_EDIT 1 PT#SELF_RESET_LOCK_LOSS 0 PT#PLL_PFDENA_CHECK 0 PT#INT_FEEDBACK__MODE_RADIO 1 PT#INCLK1_FREQ_EDIT_CHANGED 1 PT#CLKLOSS_CHECK 0 PT#SYNTH_WRAPPER_GEN_POSTFIX 0 PT#PHASE_SHIFT_UNIT1 deg PT#PHASE_SHIFT_UNIT0 deg PT#BANDWIDTH_USE_AUTO 1 PT#HAS_MANUAL_SWITCHOVER 1 PT#MULT_FACTOR1 1 PT#MULT_FACTOR0 1 PT#SPREAD_USE 0 PT#GLOCKED_MODE_CHECK 0 PT#SACN_INPUTS_CHECK 0 PT#DUTY_CYCLE1 50.00000000 PT#INTENDED_DEVICE_FAMILY {MAX 10} PT#DUTY_CYCLE0 50.00000000 PT#PLL_TARGET_HARCOPY_CHECK 0 PT#INCLK1_FREQ_UNIT_CHANGED 1 PT#RECONFIG_FILE ALTPLL1604511040239980.mif PT#ACTIVECLK_CHECK 0,HIDDEN_USED_PORTS=UP#locked used UP#c1 used UP#c0 used UP#areset used UP#inclk0 used,INCLK0_INPUT_FREQUENCY=20000,INCLK1_INPUT_FREQUENCY=,INTENDED_DEVICE_FAMILY=MAX 10,INVALID_LOCK_MULTIPLIER=,LOCK_HIGH=,LOCK_LOW=,OPERATION_MODE=NORMAL,PLL_TYPE=AUTO,PORT_ACTIVECLOCK=PORT_UNUSED,PORT_ARESET=PORT_USED,PORT_CLKBAD0=PORT_UNUSED,PORT_CLKBAD1=PORT_UNUSED,PORT_CLKLOSS=PORT_UNUSED,PORT_CLKSWITCH=PORT_UNUSED,PORT_CONFIGUPDATE=PORT_UNUSED,PORT_ENABLE0=,PORT_ENABLE1=,PORT_FBIN=PORT_UNUSED,PORT_FBOUT=,PORT_INCLK0=PORT_USED,PORT_INCLK1=PORT_UNUSED,PORT_LOCKED=PORT_USED,PORT_PFDENA=PORT_UNUSED,PORT_PHASECOUNTERSELECT=PORT_UNUSED,PORT_PHASEDONE=PORT_UNUSED,PORT_PHASESTEP=PORT_UNUSED,PORT_PHASEUPDOWN=PORT_UNUSED,PORT_PLLENA=PORT_UNUSED,PORT_SCANACLR=PORT_UNUSED,PORT_SCANCLK=PORT_UNUSED,PORT_SCANCLKENA=PORT_UNUSED,PORT_SCANDATA=PORT_UNUSED,PORT_SCANDATAOUT=PORT_UNUSED,PORT_SCANDONE=PORT_UNUSED,PORT_SCANREAD=PORT_UNUSED,PORT_SCANWRITE=PORT_UNUSED,PORT_SCLKOUT0=,PORT_SCLKOUT1=,PORT_VCOOVERRANGE=,PORT_VCOUNDERRANGE=,PORT_clk0=PORT_USED,PORT_clk1=PORT_USED,PORT_clk2=PORT_UNUSED,PORT_clk3=PORT_UNUSED,PORT_clk4=PORT_UNUSED,PORT_clk5=PORT_UNUSED,PORT_clk6=,PORT_clk7=,PORT_clk8=,PORT_clk9=,PORT_clkena0=PORT_UNUSED,PORT_clkena1=PORT_UNUSED,PORT_clkena2=PORT_UNUSED,PORT_clkena3=PORT_UNUSED,PORT_clkena4=PORT_UNUSED,PORT_clkena5=PORT_UNUSED,PORT_extclk0=PORT_UNUSED,PORT_extclk1=PORT_UNUSED,PORT_extclk2=PORT_UNUSED,PORT_extclk3=PORT_UNUSED,PORT_extclkena0=,PORT_extclkena1=,PORT_extclkena2=,PORT_extclkena3=,PRIMARY_CLOCK=,QUALIFY_CONF_DONE=,SCAN_CHAIN=,SCAN_CHAIN_MIF_FILE=,SCLKOUT0_PHASE_SHIFT=,SCLKOUT1_PHASE_SHIFT=,SELF_RESET_ON_GATED_LOSS_LOCK=,SELF_RESET_ON_LOSS_LOCK=,SKIP_VCO=,SPREAD_FREQUENCY=,SWITCH_OVER_COUNTER=,SWITCH_OVER_ON_GATED_LOCK=,SWITCH_OVER_ON_LOSSCLK=,SWITCH_OVER_TYPE=,USING_FBMIMICBIDIR_PORT=,VALID_LOCK_MULTIPLIER=,VCO_DIVIDE_BY=,VCO_FREQUENCY_CONTROL=,VCO_MULTIPLY_BY=,VCO_PHASE_SHIFT_STEP=,WIDTH_CLOCK=5,WIDTH_PHASECOUNTERSELECT="
   instancePathKey="hello_adc:.:altpll"
   kind="altpll"
   version="18.1"
   name="hello_adc_altpll">
  <parameter name="CLK3_PHASE_SHIFT" value="" />
  <parameter name="PORT_LOCKED" value="PORT_USED" />
  <parameter name="CLK2_PHASE_SHIFT" value="" />
  <parameter name="CLK4_PHASE_SHIFT" value="" />
  <parameter name="CLK5_DUTY_CYCLE" value="" />
  <parameter name="PORT_SCANDATAOUT" value="PORT_UNUSED" />
  <parameter name="CLK1_PHASE_SHIFT" value="0" />
  <parameter name="CLK5_PHASE_SHIFT" value="" />
  <parameter name="HIDDEN_CUSTOM_ELABORATION" value="altpll_avalon_elaboration" />
  <parameter name="CLK8_DUTY_CYCLE" value="" />
  <parameter name="CLK0_DIVIDE_BY" value="5" />
  <parameter name="CLK7_PHASE_SHIFT" value="" />
  <parameter name="CLK0_PHASE_SHIFT" value="0" />
  <parameter name="CLK6_PHASE_SHIFT" value="" />
  <parameter name="CLK8_PHASE_SHIFT" value="" />
  <parameter name="PORT_clk8" value="" />
  <parameter name="INVALID_LOCK_MULTIPLIER" value="" />
  <parameter name="PORT_clk9" value="" />
  <parameter name="PORT_clk6" value="" />
  <parameter name="PORT_clk7" value="" />
  <parameter name="EXTCLK2_DIVIDE_BY" value="" />
  <parameter name="PORT_clk4" value="PORT_UNUSED" />
  <parameter name="PORT_clk5" value="PORT_UNUSED" />
  <parameter name="PORT_clk2" value="PORT_UNUSED" />
  <parameter name="EXTCLK3_DUTY_CYCLE" value="" />
  <parameter name="PORT_clk3" value="PORT_UNUSED" />
  <parameter name="PORT_clk0" value="PORT_USED" />
  <parameter name="PORT_clk1" value="PORT_USED" />
  <parameter name="INCLK0_INPUT_FREQUENCY" value="20000" />
  <parameter name="PORT_extclkena0" value="" />
  <parameter name="SKIP_VCO" value="" />
  <parameter name="PORT_extclkena1" value="" />
  <parameter name="PORT_extclkena2" value="" />
  <parameter name="CLK2_DUTY_CYCLE" value="" />
  <parameter name="PORT_extclkena3" value="" />
  <parameter name="PORT_CONFIGUPDATE" value="PORT_UNUSED" />
  <parameter name="GATE_LOCK_SIGNAL" value="" />
  <parameter name="CLK7_DIVIDE_BY" value="" />
  <parameter name="CLK8_DIVIDE_BY" value="" />
  <parameter name="AUTO_DEVICE_FAMILY" value="MAX 10" />
  <parameter name="AUTO_INCLK_INTERFACE_CLOCK_RATE" value="50000000" />
  <parameter name="PORT_ENABLE1" value="" />
  <parameter name="PORT_VCOUNDERRANGE" value="" />
  <parameter name="GATE_LOCK_COUNTER" value="" />
  <parameter name="ENABLE_SWITCH_OVER_COUNTER" value="" />
  <parameter name="SWITCH_OVER_TYPE" value="" />
  <parameter name="PORT_ENABLE0" value="" />
  <parameter name="EXTCLK3_DIVIDE_BY" value="" />
  <parameter name="PORT_SCANACLR" value="PORT_UNUSED" />
  <parameter name="CLK1_DIVIDE_BY" value="1" />
  <parameter name="CLK9_DIVIDE_BY" value="" />
  <parameter name="FEEDBACK_SOURCE" value="" />
  <parameter name="CLK1_DUTY_CYCLE" value="50" />
  <parameter name="BANDWIDTH_TYPE" value="AUTO" />
  <parameter name="SPREAD_FREQUENCY" value="" />
  <parameter name="PORT_PLLENA" value="PORT_UNUSED" />
  <parameter name="LOCK_HIGH" value="" />
  <parameter
     name="HIDDEN_USED_PORTS"
     value="UP#locked used UP#c1 used UP#c0 used UP#areset used UP#inclk0 used" />
  <parameter name="EXTCLK1_DIVIDE_BY" value="" />
  <parameter name="DOWN_SPREAD" value="" />
  <parameter name="PORT_SCANDONE" value="PORT_UNUSED" />
  <parameter name="SWITCH_OVER_ON_LOSSCLK" value="" />
  <parameter name="PORT_SCANCLKENA" value="PORT_UNUSED" />
  <parameter name="PORT_FBOUT" value="" />
  <parameter name="VCO_FREQUENCY_CONTROL" value="" />
  <parameter
     name="HIDDEN_IF_PORTS"
     value="IF#phasecounterselect {input 3} IF#locked {output 0} IF#reset {input 0} IF#clk {input 0} IF#phaseupdown {input 0} IF#scandone {output 0} IF#readdata {output 32} IF#write {input 0} IF#scanclk {input 0} IF#phasedone {output 0} IF#c4 {output 0} IF#c3 {output 0} IF#c2 {output 0} IF#address {input 2} IF#c1 {output 0} IF#c0 {output 0} IF#writedata {input 32} IF#read {input 0} IF#areset {input 0} IF#scanclkena {input 0} IF#scandataout {output 0} IF#configupdate {input 0} IF#phasestep {input 0} IF#scandata {input 0}" />
  <parameter
     name="HIDDEN_MF_PORTS"
     value="MF#areset 1 MF#clk 1 MF#locked 1 MF#inclk 1" />
  <parameter name="CLK9_PHASE_SHIFT" value="" />
  <parameter name="CLK6_DIVIDE_BY" value="" />
  <parameter name="CLK3_DIVIDE_BY" value="" />
  <parameter name="EXTCLK0_MULTIPLY_BY" value="" />
  <parameter name="PORT_PHASEUPDOWN" value="PORT_UNUSED" />
  <parameter name="BANDWIDTH" value="" />
  <parameter name="CLK0_DUTY_CYCLE" value="50" />
  <parameter name="WIDTH_CLOCK" value="5" />
  <parameter name="EXTCLK1_MULTIPLY_BY" value="" />
  <parameter name="VCO_PHASE_SHIFT_STEP" value="" />
  <parameter name="PLL_TYPE" value="AUTO" />
  <parameter name="EXTCLK2_MULTIPLY_BY" value="" />
  <parameter name="EXTCLK3_MULTIPLY_BY" value="" />
  <parameter name="CLK4_DIVIDE_BY" value="" />
  <parameter name="PORT_FBIN" value="PORT_UNUSED" />
  <parameter name="SWITCH_OVER_ON_GATED_LOCK" value="" />
  <parameter name="PORT_PHASECOUNTERSELECT" value="PORT_UNUSED" />
  <parameter name="PORT_VCOOVERRANGE" value="" />
  <parameter name="DPA_DIVIDE_BY" value="" />
  <parameter
     name="HIDDEN_PRIVATES"
     value="PT#GLOCKED_FEATURE_ENABLED 0 PT#SPREAD_FEATURE_ENABLED 0 PT#BANDWIDTH_FREQ_UNIT MHz PT#CUR_DEDICATED_CLK c0 PT#INCLK0_FREQ_EDIT 50.000 PT#BANDWIDTH_PRESET Low PT#PLL_LVDS_PLL_CHECK 0 PT#BANDWIDTH_USE_PRESET 0 PT#AVALON_USE_SEPARATE_SYSCLK NO PT#PLL_ENHPLL_CHECK 0 PT#OUTPUT_FREQ_UNIT1 MHz PT#OUTPUT_FREQ_UNIT0 MHz PT#PHASE_RECONFIG_FEATURE_ENABLED 1 PT#CREATE_CLKBAD_CHECK 0 PT#CLKSWITCH_CHECK 0 PT#INCLK1_FREQ_EDIT 100.000 PT#NORMAL_MODE_RADIO 1 PT#SRC_SYNCH_COMP_RADIO 0 PT#PLL_ARESET_CHECK 1 PT#LONG_SCAN_RADIO 1 PT#SCAN_FEATURE_ENABLED 1 PT#PHASE_RECONFIG_INPUTS_CHECK 0 PT#USE_CLK1 1 PT#USE_CLK0 1 PT#PRIMARY_CLK_COMBO inclk0 PT#BANDWIDTH 1.000 PT#GLOCKED_COUNTER_EDIT_CHANGED 1 PT#PLL_FASTPLL_CHECK 0 PT#SPREAD_FREQ_UNIT KHz PT#PLL_AUTOPLL_CHECK 1 PT#LVDS_PHASE_SHIFT_UNIT1 deg PT#LVDS_PHASE_SHIFT_UNIT0 deg PT#OUTPUT_FREQ_MODE1 1 PT#SWITCHOVER_FEATURE_ENABLED 0 PT#MIG_DEVICE_SPEED_GRADE Any PT#OUTPUT_FREQ_MODE0 1 PT#BANDWIDTH_FEATURE_ENABLED 1 PT#INCLK0_FREQ_UNIT_COMBO MHz PT#ZERO_DELAY_RADIO 0 PT#OUTPUT_FREQ1 50.00000000 PT#OUTPUT_FREQ0 10.00000000 PT#SHORT_SCAN_RADIO 0 PT#LVDS_MODE_DATA_RATE_DIRTY 0 PT#CUR_FBIN_CLK c0 PT#PLL_ADVANCED_PARAM_CHECK 0 PT#CLKBAD_SWITCHOVER_CHECK 0 PT#PHASE_SHIFT_STEP_ENABLED_CHECK 0 PT#DEVICE_SPEED_GRADE 7 PT#PLL_FBMIMIC_CHECK 0 PT#LVDS_MODE_DATA_RATE {Not Available} PT#LOCKED_OUTPUT_CHECK 1 PT#SPREAD_PERCENT 0.000 PT#PHASE_SHIFT1 0.00000000 PT#PHASE_SHIFT0 0.00000000 PT#DIV_FACTOR1 1 PT#DIV_FACTOR0 1 PT#CNX_NO_COMPENSATE_RADIO 0 PT#USE_CLKENA1 0 PT#USE_CLKENA0 0 PT#CREATE_INCLK1_CHECK 0 PT#GLOCK_COUNTER_EDIT 1048575 PT#INCLK1_FREQ_UNIT_COMBO MHz PT#EFF_OUTPUT_FREQ_VALUE1 50.000000 PT#EFF_OUTPUT_FREQ_VALUE0 10.000000 PT#SPREAD_FREQ 50.000 PT#USE_MIL_SPEED_GRADE 0 PT#EXPLICIT_SWITCHOVER_COUNTER 0 PT#STICKY_CLK4 0 PT#STICKY_CLK3 0 PT#STICKY_CLK2 0 PT#STICKY_CLK1 1 PT#STICKY_CLK0 1 PT#EXT_FEEDBACK_RADIO 0 PT#MIRROR_CLK1 0 PT#MIRROR_CLK0 0 PT#SWITCHOVER_COUNT_EDIT 1 PT#SELF_RESET_LOCK_LOSS 0 PT#PLL_PFDENA_CHECK 0 PT#INT_FEEDBACK__MODE_RADIO 1 PT#INCLK1_FREQ_EDIT_CHANGED 1 PT#CLKLOSS_CHECK 0 PT#SYNTH_WRAPPER_GEN_POSTFIX 0 PT#PHASE_SHIFT_UNIT1 deg PT#PHASE_SHIFT_UNIT0 deg PT#BANDWIDTH_USE_AUTO 1 PT#HAS_MANUAL_SWITCHOVER 1 PT#MULT_FACTOR1 1 PT#MULT_FACTOR0 1 PT#SPREAD_USE 0 PT#GLOCKED_MODE_CHECK 0 PT#SACN_INPUTS_CHECK 0 PT#DUTY_CYCLE1 50.00000000 PT#INTENDED_DEVICE_FAMILY {MAX 10} PT#DUTY_CYCLE0 50.00000000 PT#PLL_TARGET_HARCOPY_CHECK 0 PT#INCLK1_FREQ_UNIT_CHANGED 1 PT#RECONFIG_FILE ALTPLL1604511040239980.mif PT#ACTIVECLK_CHECK 0" />
  <parameter name="VCO_DIVIDE_BY" value="" />
  <parameter name="CLK3_DUTY_CYCLE" value="" />
  <parameter name="SCAN_CHAIN" value="" />
  <parameter name="LOCK_LOW" value="" />
  <parameter name="CLK0_MULTIPLY_BY" value="1" />
  <parameter name="PORT_SCANWRITE" value="PORT_UNUSED" />
  <parameter name="CLK1_MULTIPLY_BY" value="1" />
  <parameter name="PORT_SCLKOUT1" value="" />
  <parameter
     name="HIDDEN_IS_NUMERIC"
     value="IN#WIDTH_CLOCK 1 IN#CLK0_DUTY_CYCLE 1 IN#PLL_TARGET_HARCOPY_CHECK 1 IN#CLK1_MULTIPLY_BY 1 IN#SWITCHOVER_COUNT_EDIT 1 IN#INCLK0_INPUT_FREQUENCY 1 IN#PLL_LVDS_PLL_CHECK 1 IN#PLL_AUTOPLL_CHECK 1 IN#PLL_FASTPLL_CHECK 1 IN#CLK1_DUTY_CYCLE 1 IN#PLL_ENHPLL_CHECK 1 IN#DIV_FACTOR1 1 IN#DIV_FACTOR0 1 IN#LVDS_MODE_DATA_RATE_DIRTY 1 IN#GLOCK_COUNTER_EDIT 1 IN#CLK0_DIVIDE_BY 1 IN#MULT_FACTOR1 1 IN#MULT_FACTOR0 1 IN#CLK0_MULTIPLY_BY 1 IN#USE_MIL_SPEED_GRADE 1 IN#CLK1_DIVIDE_BY 1" />
  <parameter name="CLK3_MULTIPLY_BY" value="" />
  <parameter name="PORT_CLKLOSS" value="PORT_UNUSED" />
  <parameter name="CLK2_MULTIPLY_BY" value="" />
  <parameter name="CLK4_MULTIPLY_BY" value="" />
  <parameter name="PORT_SCLKOUT0" value="" />
  <parameter name="PORT_SCANREAD" value="PORT_UNUSED" />
  <parameter name="CLK4_DUTY_CYCLE" value="" />
  <parameter name="PORT_clkena0" value="PORT_UNUSED" />
  <parameter name="PORT_PHASEDONE" value="PORT_UNUSED" />
  <parameter name="PORT_clkena1" value="PORT_UNUSED" />
  <parameter name="PORT_clkena2" value="PORT_UNUSED" />
  <parameter name="PORT_PFDENA" value="PORT_UNUSED" />
  <parameter name="PORT_clkena3" value="PORT_UNUSED" />
  <parameter name="PORT_SCANDATA" value="PORT_UNUSED" />
  <parameter name="CLK6_MULTIPLY_BY" value="" />
  <parameter name="EXTCLK0_DIVIDE_BY" value="" />
  <parameter name="CLK5_MULTIPLY_BY" value="" />
  <parameter name="INTENDED_DEVICE_FAMILY" value="MAX 10" />
  <parameter name="OPERATION_MODE" value="NORMAL" />
  <parameter name="EXTCLK2_DUTY_CYCLE" value="" />
  <parameter name="WIDTH_PHASECOUNTERSELECT" value="" />
  <parameter name="SWITCH_OVER_COUNTER" value="" />
  <parameter name="CLK7_MULTIPLY_BY" value="" />
  <parameter name="PORT_clkena4" value="PORT_UNUSED" />
  <parameter name="PORT_clkena5" value="PORT_UNUSED" />
  <parameter name="SCAN_CHAIN_MIF_FILE" value="" />
  <parameter name="CLK8_MULTIPLY_BY" value="" />
  <parameter name="CLK9_MULTIPLY_BY" value="" />
  <parameter name="EXTCLK2_PHASE_SHIFT" value="" />
  <parameter name="COMPENSATE_CLOCK" value="CLK0" />
  <parameter name="PORT_INCLK0" value="PORT_USED" />
  <parameter name="PORT_CLKSWITCH" value="PORT_UNUSED" />
  <parameter name="EXTCLK3_PHASE_SHIFT" value="" />
  <parameter name="PORT_INCLK1" value="PORT_UNUSED" />
  <parameter name="CLK5_DIVIDE_BY" value="" />
  <parameter name="CLK9_DUTY_CYCLE" value="" />
  <parameter name="CLK6_DUTY_CYCLE" value="" />
  <parameter name="DPA_DIVIDER" value="" />
  <parameter name="VCO_MULTIPLY_BY" value="" />
  <parameter name="EXTCLK1_PHASE_SHIFT" value="" />
  <parameter
     name="HIDDEN_CONSTANTS"
     value="CT#PORT_clk5 PORT_UNUSED CT#PORT_clk4 PORT_UNUSED CT#PORT_clk3 PORT_UNUSED CT#PORT_clk2 PORT_UNUSED CT#PORT_clk1 PORT_USED CT#PORT_clk0 PORT_USED CT#CLK0_MULTIPLY_BY 1 CT#PORT_SCANWRITE PORT_UNUSED CT#PORT_SCANACLR PORT_UNUSED CT#PORT_PFDENA PORT_UNUSED CT#PORT_PLLENA PORT_UNUSED CT#PORT_SCANDATA PORT_UNUSED CT#PORT_SCANCLKENA PORT_UNUSED CT#WIDTH_CLOCK 5 CT#PORT_SCANDATAOUT PORT_UNUSED CT#LPM_TYPE altpll CT#PLL_TYPE AUTO CT#CLK0_PHASE_SHIFT 0 CT#CLK1_DUTY_CYCLE 50 CT#PORT_PHASEDONE PORT_UNUSED CT#OPERATION_MODE NORMAL CT#PORT_CONFIGUPDATE PORT_UNUSED CT#CLK1_MULTIPLY_BY 1 CT#COMPENSATE_CLOCK CLK0 CT#PORT_CLKSWITCH PORT_UNUSED CT#INCLK0_INPUT_FREQUENCY 20000 CT#PORT_SCANDONE PORT_UNUSED CT#PORT_CLKLOSS PORT_UNUSED CT#PORT_INCLK1 PORT_UNUSED CT#AVALON_USE_SEPARATE_SYSCLK NO CT#PORT_INCLK0 PORT_USED CT#PORT_clkena5 PORT_UNUSED CT#PORT_clkena4 PORT_UNUSED CT#PORT_clkena3 PORT_UNUSED CT#PORT_clkena2 PORT_UNUSED CT#PORT_clkena1 PORT_UNUSED CT#PORT_clkena0 PORT_UNUSED CT#CLK1_PHASE_SHIFT 0 CT#PORT_ARESET PORT_USED CT#BANDWIDTH_TYPE AUTO CT#INTENDED_DEVICE_FAMILY {MAX 10} CT#PORT_SCANREAD PORT_UNUSED CT#PORT_PHASESTEP PORT_UNUSED CT#PORT_SCANCLK PORT_UNUSED CT#PORT_CLKBAD1 PORT_UNUSED CT#PORT_CLKBAD0 PORT_UNUSED CT#PORT_FBIN PORT_UNUSED CT#PORT_PHASEUPDOWN PORT_UNUSED CT#PORT_extclk3 PORT_UNUSED CT#PORT_extclk2 PORT_UNUSED CT#PORT_extclk1 PORT_UNUSED CT#PORT_PHASECOUNTERSELECT PORT_UNUSED CT#PORT_extclk0 PORT_UNUSED CT#PORT_ACTIVECLOCK PORT_UNUSED CT#CLK0_DUTY_CYCLE 50 CT#CLK0_DIVIDE_BY 5 CT#CLK1_DIVIDE_BY 1 CT#PORT_LOCKED PORT_USED" />
  <parameter name="EXTCLK0_PHASE_SHIFT" value="" />
  <parameter name="AVALON_USE_SEPARATE_SYSCLK" value="NO" />
  <parameter name="SELF_RESET_ON_LOSS_LOCK" value="" />
  <parameter name="CLK2_DIVIDE_BY" value="" />
  <parameter name="PORT_PHASESTEP" value="PORT_UNUSED" />
  <parameter name="USING_FBMIMICBIDIR_PORT" value="" />
  <parameter name="PORT_CLKBAD1" value="PORT_UNUSED" />
  <parameter name="QUALIFY_CONF_DONE" value="" />
  <parameter name="PORT_ARESET" value="PORT_USED" />
  <parameter name="DPA_MULTIPLY_BY" value="" />
  <parameter name="INCLK1_INPUT_FREQUENCY" value="" />
  <parameter name="CLK7_DUTY_CYCLE" value="" />
  <parameter name="EXTCLK0_DUTY_CYCLE" value="" />
  <parameter name="HIDDEN_CUSTOM_POST_EDIT" value="altpll_avalon_post_edit" />
  <parameter name="HIDDEN_IS_FIRST_EDIT" value="0" />
  <parameter name="VALID_LOCK_MULTIPLIER" value="" />
  <parameter name="PRIMARY_CLOCK" value="" />
  <parameter name="SELF_RESET_ON_GATED_LOSS_LOCK" value="" />
  <parameter name="SCLKOUT0_PHASE_SHIFT" value="" />
  <parameter name="PORT_ACTIVECLOCK" value="PORT_UNUSED" />
  <parameter name="PORT_SCANCLK" value="PORT_UNUSED" />
  <parameter name="SCLKOUT1_PHASE_SHIFT" value="" />
  <parameter name="PORT_extclk3" value="PORT_UNUSED" />
  <parameter name="EXTCLK1_DUTY_CYCLE" value="" />
  <parameter name="PORT_extclk0" value="PORT_UNUSED" />
  <parameter name="PORT_CLKBAD0" value="PORT_UNUSED" />
  <parameter name="PORT_extclk2" value="PORT_UNUSED" />
  <parameter name="PORT_extclk1" value="PORT_UNUSED" />
  <generatedFiles>
   <file
       path="C:/Users/fderrazz/Desktop/Old_archive/Nouveau dossier/hello-adc5/db/ip/hello_adc/submodules/hello_adc_altpll.v"
       type="VERILOG" />
  </generatedFiles>
  <childGeneratedFiles/>
  <sourceFiles>
   <file
       path="C:/intelfpga_lite/18.1/ip/altera/sopc_builder_ip/altera_avalon_altpll/altera_avalon_altpll_hw.tcl" />
  </sourceFiles>
  <childSourceFiles/>
  <instantiator instantiator="hello_adc" as="altpll" />
  <messages>
   <message level="Debug" culprit="hello_adc">queue size: 3 starting:altpll "submodules/hello_adc_altpll"</message>
   <message level="Debug">set ALTERA_HW_TCL_KEEP_TEMP_FILES=1 to retain temp files</message>
   <message level="Debug">Command: C:/intelfpga_lite/18.1/quartus\bin64/quartus_map.exe not_a_project --generate_hdl_interface=C:/Users/fderrazz/AppData/Local/Temp/alt9639_8800183227862868801.dir/0002_sopcgen/hello_adc_altpll.v --source=C:/Users/fderrazz/AppData/Local/Temp/alt9639_8800183227862868801.dir/0002_sopcgen/hello_adc_altpll.v --set=HDL_INTERFACE_OUTPUT_PATH=C:/Users/fderrazz/AppData/Local/Temp/alt9639_8800183227862868801.dir/0003_sopcqmap/ --ini=disable_check_quartus_compatibility_qsys_only=on</message>
   <message level="Debug">Command took 2.226s</message>
   <message level="Info" culprit="altpll"><![CDATA["<b>hello_adc</b>" instantiated <b>altpll</b> "<b>altpll</b>"]]></message>
  </messages>
 </entity>
 <entity
   path="submodules/"
   parameterizationKey="altera_reset_controller:18.1:ADAPT_RESET_REQUEST=0,MIN_RST_ASSERTION_TIME=3,NUM_RESET_INPUTS=1,OUTPUT_RESET_SYNC_EDGES=deassert,RESET_REQUEST_PRESENT=0,RESET_REQ_EARLY_DSRT_TIME=1,RESET_REQ_WAIT_TIME=1,SYNC_DEPTH=2,USE_RESET_REQUEST_IN0=0,USE_RESET_REQUEST_IN1=0,USE_RESET_REQUEST_IN10=0,USE_RESET_REQUEST_IN11=0,USE_RESET_REQUEST_IN12=0,USE_RESET_REQUEST_IN13=0,USE_RESET_REQUEST_IN14=0,USE_RESET_REQUEST_IN15=0,USE_RESET_REQUEST_IN2=0,USE_RESET_REQUEST_IN3=0,USE_RESET_REQUEST_IN4=0,USE_RESET_REQUEST_IN5=0,USE_RESET_REQUEST_IN6=0,USE_RESET_REQUEST_IN7=0,USE_RESET_REQUEST_IN8=0,USE_RESET_REQUEST_IN9=0,USE_RESET_REQUEST_INPUT=0"
   instancePathKey="hello_adc:.:rst_controller"
   kind="altera_reset_controller"
   version="18.1"
   name="altera_reset_controller">
  <generatedFiles>
   <file
       path="C:/Users/fderrazz/Desktop/Old_archive/Nouveau dossier/hello-adc5/db/ip/hello_adc/submodules/altera_reset_controller.v"
       type="VERILOG"
       attributes="" />
   <file
       path="C:/Users/fderrazz/Desktop/Old_archive/Nouveau dossier/hello-adc5/db/ip/hello_adc/submodules/altera_reset_synchronizer.v"
       type="VERILOG"
       attributes="" />
   <file
       path="C:/Users/fderrazz/Desktop/Old_archive/Nouveau dossier/hello-adc5/db/ip/hello_adc/submodules/altera_reset_controller.sdc"
       type="SDC"
       attributes="" />
  </generatedFiles>
  <childGeneratedFiles/>
  <sourceFiles>
   <file
       path="C:/intelfpga_lite/18.1/ip/altera/merlin/altera_reset_controller/altera_reset_controller_hw.tcl" />
  </sourceFiles>
  <childSourceFiles/>
  <instantiator instantiator="hello_adc" as="rst_controller,rst_controller_001" />
  <messages>
   <message level="Debug" culprit="hello_adc">queue size: 2 starting:altera_reset_controller "submodules/altera_reset_controller"</message>
   <message level="Info" culprit="rst_controller"><![CDATA["<b>hello_adc</b>" instantiated <b>altera_reset_controller</b> "<b>rst_controller</b>"]]></message>
  </messages>
 </entity>
 <entity
   path="submodules/"
   parameterizationKey="altera_modular_adc_control:18.1:analog_input_pin_mask=63,clkdiv=2,device_partname_fivechar_prefix=10M50,dual_adc_mode=false,enable_usr_sim=0,hard_pwd=0,is_this_first_or_second_adc=1,prescalar=0,reference_voltage_sim=49648,refsel=0,simfilename_ch0=,simfilename_ch1=,simfilename_ch10=,simfilename_ch11=,simfilename_ch12=,simfilename_ch13=,simfilename_ch14=,simfilename_ch15=,simfilename_ch16=,simfilename_ch2=,simfilename_ch3=,simfilename_ch4=,simfilename_ch5=,simfilename_ch6=,simfilename_ch7=,simfilename_ch8=,simfilename_ch9=,tsclkdiv=1,tsclksel=1"
   instancePathKey="hello_adc:.:adc_control_core:.:control_internal"
   kind="altera_modular_adc_control"
   version="18.1"
   name="altera_modular_adc_control">
  <parameter name="is_this_first_or_second_adc" value="1" />
  <parameter name="device_partname_fivechar_prefix" value="10M50" />
  <parameter name="dual_adc_mode" value="false" />
  <parameter name="hard_pwd" value="0" />
  <parameter name="simfilename_ch6" value="" />
  <parameter name="simfilename_ch7" value="" />
  <parameter name="simfilename_ch8" value="" />
  <parameter name="simfilename_ch9" value="" />
  <parameter name="simfilename_ch2" value="" />
  <parameter name="simfilename_ch3" value="" />
  <parameter name="simfilename_ch4" value="" />
  <parameter name="simfilename_ch5" value="" />
  <parameter name="simfilename_ch0" value="" />
  <parameter name="simfilename_ch1" value="" />
  <parameter name="refsel" value="0" />
  <parameter name="prescalar" value="0" />
  <parameter name="tsclkdiv" value="1" />
  <parameter name="reference_voltage_sim" value="49648" />
  <parameter name="enable_usr_sim" value="0" />
  <parameter name="simfilename_ch15" value="" />
  <parameter name="simfilename_ch16" value="" />
  <parameter name="simfilename_ch13" value="" />
  <parameter name="simfilename_ch14" value="" />
  <parameter name="simfilename_ch11" value="" />
  <parameter name="simfilename_ch12" value="" />
  <parameter name="analog_input_pin_mask" value="63" />
  <parameter name="simfilename_ch10" value="" />
  <parameter name="clkdiv" value="2" />
  <parameter name="tsclksel" value="1" />
  <generatedFiles>
   <file
       path="C:/Users/fderrazz/Desktop/Old_archive/Nouveau dossier/hello-adc5/db/ip/hello_adc/submodules/altera_modular_adc_control.v"
       type="VERILOG"
       attributes="TOP_LEVEL_FILE" />
   <file
       path="C:/Users/fderrazz/Desktop/Old_archive/Nouveau dossier/hello-adc5/db/ip/hello_adc/submodules/altera_modular_adc_control_avrg_fifo.v"
       type="VERILOG"
       attributes="" />
   <file
       path="C:/Users/fderrazz/Desktop/Old_archive/Nouveau dossier/hello-adc5/db/ip/hello_adc/submodules/altera_modular_adc_control_fsm.v"
       type="VERILOG"
       attributes="" />
   <file
       path="C:/Users/fderrazz/Desktop/Old_archive/Nouveau dossier/hello-adc5/db/ip/hello_adc/submodules/chsel_code_converter_sw_to_hw.v"
       type="VERILOG"
       attributes="" />
   <file
       path="C:/Users/fderrazz/Desktop/Old_archive/Nouveau dossier/hello-adc5/db/ip/hello_adc/submodules/fiftyfivenm_adcblock_primitive_wrapper.v"
       type="VERILOG"
       attributes="" />
   <file
       path="C:/Users/fderrazz/Desktop/Old_archive/Nouveau dossier/hello-adc5/db/ip/hello_adc/submodules/fiftyfivenm_adcblock_top_wrapper.v"
       type="VERILOG"
       attributes="" />
   <file
       path="C:/Users/fderrazz/Desktop/Old_archive/Nouveau dossier/hello-adc5/db/ip/hello_adc/submodules/altera_modular_adc_control.sdc"
       type="SDC"
       attributes="" />
  </generatedFiles>
  <childGeneratedFiles/>
  <sourceFiles>
   <file
       path="C:/intelfpga_lite/18.1/ip/altera/altera_modular_adc/control/altera_modular_adc_control_hw.tcl" />
  </sourceFiles>
  <childSourceFiles/>
  <instantiator instantiator="hello_adc_adc_control_core" as="control_internal" />
  <messages>
   <message level="Debug" culprit="hello_adc">queue size: 0 starting:altera_modular_adc_control "submodules/altera_modular_adc_control"</message>
   <message level="Info" culprit="control_internal"><![CDATA["<b>adc_control_core</b>" instantiated <b>altera_modular_adc_control</b> "<b>control_internal</b>"]]></message>
  </messages>
 </entity>
</deploy>
